Drishti-2020 : Encardio-rite Electronics Pvt. Ltd.,,,,,,,,,,,,,,,,,,,,,,,,,,,,,,,,,,,,,,,,,,,,,,,,,,,,,,,,,,,,,,,,,,,,,,,,,,,,,,,,,,,,,,,,,,,,,,,,,,,,,,,,,,,,,,,,,,,,,
SiteName : Tallah_ROB_P16_A3_DL5,,,,,,,,,,,,,,,,,,,,,,,,,,,,,,,,,,,,,,,,,,,,,,,,,,,,,,,,,,,,,,,,,,,,,,,,,,,,,,,,,,,,,,,,,,,,,,,,,,,,,,,,,,,,,,,,,,,,,
Dates Between: From 2023-06-01 00:00:00 To 2023-06-02 00:00:00,,,,,,,,,,,,,,,,,,,,,,,,,,,,,,,,,,,,,,,,,,,,,,,,,,,,,,,,,,,,,,,,,,,,,,,,,,,,,,,,,,,,,,,,,,,,,,,,,,,,,,,,,,,,,,,,,,,,,
DateTime ,DLID,Battery Voltage,A3_RBLG_SG_1_Strain,A3_RBLG_SG_1_Temperature,A3_RBLG_SG_1_Frequency,A3_LBLG_SG_2_Strain,A3_LBLG_SG_2_Temperature,A3_LBLG_SG_2_Frequency,SP21A3_RBLG_SG_1_Strain,SP21A3_RBLG_SG_1_Temperature,SP21A3_RBLG_SG_1_Frequency,SP21A3_LBLG_SG_2_Strain,SP21A3_LBLG_SG_2_Temperature,SP21A3_LBLG_SG_2_Frequency,SP20P21_RBLG_SG_1_Strain,SP20P21_RBLG_SG_1_Temperature,SP20P21_RBLG_SG_1_Frequency,SP20P21_LBLG_SG_2_Strain,SP20P21_LBLG_SG_2_Temperature,SP20P21_LBLG_SG_2_Frequency,SP19P20_RBLG_SG_1_Strain,SP19P20_RBLG_SG_1_Temperature,SP19P20_RBLG_SG_1_Frequency,SP19P20_LBLG_SG_2_Strain,SP19P20_LBLG_SG_2_Temperature,SP19P20_LBLG_SG_2_Frequency,SP18P19_RBLG_SG_1_Strain,SP18P19_RBLG_SG_1_Temperature,SP18P19_RBLG_SG_1_Frequency,SP18P19_LBLG_SG_2_Strain,SP18P19_LBLG_SG_2_Temperature,SP18P19_LBLG_SG_2_Frequency,P18_D1_Displacement,P18_D1_Temperature,P18_D1_Frequency,P18_D2_Displacement,P18_D2_Temperature,P18_D2_Frequency,P18_D3_Displacement,P18_D3_Temperature,P18_D3_Frequency,P18_D4_Displacement,P18_D4_Temperature,P18_D4_Frequency,SP17P18_RBLG_SG_1_Strain,SP17P18_RBLG_SG_1_Temperature,SP17P18_RBLG_SG_1_Frequency,SP17P18_LBLG_SG_2_Strain,SP17P18_LBLG_SG_2_Temperature,SP17P18_LBLG_SG_2_Frequency,P17_D1_Displacement,P17_D1_Temperature,P17_D1_Frequency,P17_D2_Displacement,P17_D2_Temperature,P17_D2_Frequency,P17_D3_Displacement,P17_D3_Temperature,P17_D3_Frequency,P17_D4_Displacement,P17_D4_Temperature,P17_D4_Frequency,SP16P17_RBLG_SG_1_Strain,SP16P17_RBLG_SG_1_Temperature,SP16P17_RBLG_SG_1_Frequency,SP16P17_LBLG_SG_2_Strain,SP16P17_LBLG_SG_2_Temperature,SP16P17_LBLG_SG_2_Frequency,P18_P19_Alert_Positive,P18_P19_Alert_Negative,P17_P18_Alert_Positive,P17_P18_Alert_Negative,P18_P19_Action_Positive,P18_P19_Action_Negative,P18_P19_Alarm_Positive,P18_P19_Alarm_Negative,P17_P18_Action_Positive,P17_P18_Action_Negative,P17_P18_Alarm_Positive,P17_P18_Alarm_Negative,P16_P17_Alert_Positive,P16_P17_Alert_Negative,P16_P17_Action_Positive,P16_P17_Action_Negative,P16_P17_Alarm_Negative,P16_P17_Alarm_Positive,P19_A3_Alert_Positive,P19_A3_Alert_Negative,P19_A3_Action_Positive,P19_A3_Action_Negative,P19_A3_Alarm_Positive,P19_A3_Alarm_Negative,TGS_Alert_Positive,TGS_Action_Positive,TGS_Alarm_Positive,TGS_Alert_Negative,TGS_Action_Negative,TGS_Alarm_Negative,LGS_Alert_Positive,LGS_Action_Positive,LGS_Alarm_Positive,LGS_Alert_Negative,LGS_Action_Negative,LGS_Alarm_Negative,FF_Alert_Positive,FF_Action_Positive,FF_Alarm_Positive,FF_Alert_Negative,FF_Action_Negative,FF_Alarm_Negative,FX_Alarm,P17_D3_D2_Alert_Positive,P17_D3_D2_Alert_Negative,P17_D3_D2_Action_Positive,P17_D3_D2_Action_Negative,P17_D3_D2_Alarm_Positive,P17_D3_D2_Alarm_Negative
6/1/2023 0:00,null,14.38,37.43,34.01,878.36,22.33,33.17,922.31,10.97,32.93,828.74,20.72,-24.74,12732.3,2.8,31.94,888.93,-2.66,32.22,831.09,-0.57,32.27,874.55,0.7,32.62,871.93,-9.3,32.29,873.71,-8.45,32.52,865.53,-0.2,32.87,2372.9,2.05,33.28,2430.19,-0.24,32.94,2532.16,-0.01,32.57,2382.04,-9.36,34.45,898.37,-30.37,32.41,1103.55,0.03,33.36,2330.6,0.2,32.98,2390.15,0,-143.31,null,-0.1,31.86,2319.26,21.91,33.31,854.61,-0.88,32.7,870.63,204.1,-204.1,188,-188,306,-306,408.2,-408.2,282,-282,376,-376,164,-164,282,-246,-327.9,327.9,204.1,-204.1,306,-306,408.2,-408.2,5,7.5,10,-5,-7.5,-10,15,22.5,30,-15,-22.5,-30,15,22.5,30,-15,-22.5,-30,0,0.5,-0.5,0.75,-0.75,1,-1
6/1/2023 0:15,null,14.38,36.77,33.84,878.26,21.47,32.91,922.25,11.47,32.84,828.84,20.32,32.88,12732.3,4.07,31.7,889.13,-2.22,31.93,844.58,-0.08,32.2,874.6,2.38,32.45,871.88,-8.4,32.17,873.78,-7.63,32.31,865.62,-0.19,32.7,2373.1,2.06,33.09,2430.38,-0.23,32.79,2532.25,0,32.38,2382.14,-8.69,34.27,898.48,-25.64,32.31,1243.81,0.03,33.25,2330.58,0.2,33,2390.16,0,-142.84,null,-0.1,31.58,2319.27,22.45,33.12,854.66,-0.44,32.56,870.71,204.1,-204.1,188,-188,306,-306,408.2,-408.2,282,-282,376,-376,164,-164,282,-246,-327.9,327.9,204.1,-204.1,306,-306,408.2,-408.2,5,7.5,10,-5,-7.5,-10,15,22.5,30,-15,-22.5,-30,15,22.5,30,-15,-22.5,-30,0,0.5,-0.5,0.75,-0.75,1,-1
6/1/2023 0:30,null,14.38,35.93,33.61,878.16,20.97,32.59,922.22,11.66,32.73,828.88,20.62,32.83,12732.3,4.23,31.55,889.14,-2.69,31.65,844.57,0.17,31.94,874.62,1.11,32.33,871.95,-8,32,873.84,-7.35,32.19,865.67,-0.19,32.62,2373.2,2.06,32.99,2430.43,-0.23,32.62,2532.3,0,32.03,2382.27,-8.55,34.14,898.5,-24.92,32.15,1219.64,0.03,33.09,2330.6,0.2,32.88,2390.24,0,-142.91,null,-0.1,31.37,2319.2,23.27,32.93,854.76,0.22,32.39,870.81,204.1,-204.1,188,-188,306,-306,408.2,-408.2,282,-282,376,-376,164,-164,282,-246,-327.9,327.9,204.1,-204.1,306,-306,408.2,-408.2,5,7.5,10,-5,-7.5,-10,15,22.5,30,-15,-22.5,-30,15,22.5,30,-15,-22.5,-30,0,0.5,-0.5,0.75,-0.75,1,-1
6/1/2023 0:45,null,14.38,35.72,33.52,878.13,20.88,32.7,922.22,12.47,32.45,829.06,20.75,32.72,12732.3,4.17,31.54,889.13,-2.74,31.79,831.29,1.61,31.76,874.82,1.65,32.13,871.97,-7.33,31.9,873.93,-7.08,31.98,865.75,-0.19,32.58,2373.18,2.07,32.9,2430.57,-0.22,32.45,2532.52,0.01,31.61,2382.42,-8.37,34.06,898.54,-24.13,32.09,1179.59,0.03,33.06,2330.58,0.2,32.76,2390.27,0,-143.14,null,-0.1,31.32,2319.06,23.26,32.91,854.77,0.84,32.27,870.85,204.1,-204.1,188,-188,306,-306,408.2,-408.2,282,-282,376,-376,164,-164,282,-246,-327.9,327.9,204.1,-204.1,306,-306,408.2,-408.2,5,7.5,10,-5,-7.5,-10,15,22.5,30,-15,-22.5,-30,15,22.5,30,-15,-22.5,-30,0,0.5,-0.5,0.75,-0.75,1,-1
6/1/2023 1:00,null,14.38,35.73,33.55,878.14,21.04,32.8,922.22,12.82,32.43,829.13,23.2,32.68,12732.3,3.86,31.43,889.12,-0.24,31.62,831.27,0.83,31.79,874.75,1.8,32.04,871.98,-6.9,31.72,874,-7.04,31.86,865.76,-0.17,32.4,2373.74,2.09,32.83,2431.13,-0.21,32.36,2532.88,0,31.64,2382.1,-7.92,33.88,898.62,-23.72,31.8,1094.29,0.03,32.82,2330.64,0.2,32.62,2390.3,0,-142.68,null,-0.11,31.11,2318.97,24.18,32.75,854.85,0.58,32.15,870.86,204.1,-204.1,188,-188,306,-306,408.2,-408.2,282,-282,376,-376,164,-164,282,-246,-327.9,327.9,204.1,-204.1,306,-306,408.2,-408.2,5,7.5,10,-5,-7.5,-10,15,22.5,30,-15,-22.5,-30,15,22.5,30,-15,-22.5,-30,0,0.5,-0.5,0.75,-0.75,1,-1
6/1/2023 1:15,null,14.37,35.12,33.48,878.06,20.28,32.35,922.17,12.75,32.38,829.11,23.76,32.57,12732.3,4.49,31.28,889.17,2.22,31.56,834.63,0.87,31.7,874.76,1.65,31.98,871.97,-7.17,31.66,873.96,-7.19,31.87,865.7,-0.17,32.32,2373.84,2.09,32.72,2431.15,-0.21,32.28,2532.89,-0.01,31.64,2382.06,-7.98,33.78,898.59,-23.02,31.69,1102.06,0.03,32.81,2330.54,0.2,32.66,2390.24,0,-142.57,null,-0.11,31.03,2318.89,24.67,32.72,854.93,0.56,32.16,870.82,204.1,-204.1,188,-188,306,-306,408.2,-408.2,282,-282,376,-376,164,-164,282,-246,-327.9,327.9,204.1,-204.1,306,-306,408.2,-408.2,5,7.5,10,-5,-7.5,-10,15,22.5,30,-15,-22.5,-30,15,22.5,30,-15,-22.5,-30,0,0.5,-0.5,0.75,-0.75,1,-1
6/1/2023 1:30,null,14.38,35.48,33.5,878.11,20.42,32.46,922.18,12.61,32.3,829.09,22.22,32.54,12732.3,4.26,31.29,889.15,3.54,31.42,831.29,0.79,31.57,874.75,1.34,31.94,871.94,-7.41,31.61,873.92,-7.35,31.78,865.65,-0.17,32.16,2373.85,2.09,32.62,2431.28,-0.21,32.17,2532.93,0,31.54,2382.08,-8.07,33.73,898.56,-22.19,31.71,1207.94,0.02,32.74,2330.52,0.2,32.59,2390.25,0,-142.41,null,-0.11,30.89,2318.82,26.32,32.46,855.13,1.13,32.02,870.87,204.1,-204.1,188,-188,306,-306,408.2,-408.2,282,-282,376,-376,164,-164,282,-246,-327.9,327.9,204.1,-204.1,306,-306,408.2,-408.2,5,7.5,10,-5,-7.5,-10,15,22.5,30,-15,-22.5,-30,15,22.5,30,-15,-22.5,-30,0,0.5,-0.5,0.75,-0.75,1,-1
6/1/2023 1:45,null,14.37,35.97,33.66,878.16,20.99,32.64,922.22,12.96,32.19,829.22,22.84,32.45,12732.3,4.16,31.29,889.12,5.07,31.55,831.23,0.52,31.48,874.72,1.3,31.92,871.94,-7.33,31.52,873.93,-7.52,31.82,865.65,-0.16,32.03,2373.97,2.1,32.38,2431.38,-0.21,32.11,2532.94,-0.01,31.68,2382.07,-8.51,33.69,898.54,-26.75,31.6,1168.6,0.02,32.8,2330.51,0.2,32.58,2390.25,0,-142.34,null,-0.12,30.77,2318.71,26.65,32.35,855.18,1.17,31.97,870.85,204.1,-204.1,188,-188,306,-306,408.2,-408.2,282,-282,376,-376,164,-164,282,-246,-327.9,327.9,204.1,-204.1,306,-306,408.2,-408.2,5,7.5,10,-5,-7.5,-10,15,22.5,30,-15,-22.5,-30,15,22.5,30,-15,-22.5,-30,0,0.5,-0.5,0.75,-0.75,1,-1
6/1/2023 2:00,null,14.38,35.84,33.66,878.15,20.61,32.55,922.19,13.05,32.13,829.16,26.22,32.38,12732.3,3.97,31.23,889.12,6.22,31.45,831.27,0.48,31.53,874.71,1.26,31.83,871.95,-7.4,31.5,873.93,-7.49,31.65,865.64,-0.16,32.03,2373.99,2.1,32.4,2431.34,-0.2,32.1,2532.94,-0.01,31.46,2382.01,-8.89,33.74,898.5,-22.13,31.65,1288.53,0.02,32.73,2330.38,0.2,32.66,2390.13,0,-142.36,null,-0.12,30.79,2318.61,26.45,32.43,855.2,0.93,32.05,870.88,204.1,-204.1,188,-188,306,-306,408.2,-408.2,282,-282,376,-376,164,-164,282,-246,-327.9,327.9,204.1,-204.1,306,-306,408.2,-408.2,5,7.5,10,-5,-7.5,-10,15,22.5,30,-15,-22.5,-30,15,22.5,30,-15,-22.5,-30,0,0.5,-0.5,0.75,-0.75,1,-1
6/1/2023 2:15,null,14.38,35.52,33.58,878.11,20.54,32.47,922.19,13.05,32.05,829.13,27.37,32.34,12732.3,5.09,31.03,889.27,30.25,31.4,831.4,0.65,31.42,874.73,1.9,31.75,871.99,-6.7,31.42,874.04,-6.53,31.54,865.87,-0.14,31.86,2374.38,2.12,32.44,2431.87,-0.18,32.06,2533.48,-0.02,31.39,2381.78,-8.88,33.76,898.46,-21.61,31.67,1275.44,0.02,32.83,2330.37,0.2,32.63,2390.16,0,-142.38,null,-0.12,30.81,2318.53,26.56,32.49,855.18,1.17,31.97,870.88,204.1,-204.1,188,-188,306,-306,408.2,-408.2,282,-282,376,-376,164,-164,282,-246,-327.9,327.9,204.1,-204.1,306,-306,408.2,-408.2,5,7.5,10,-5,-7.5,-10,15,22.5,30,-15,-22.5,-30,15,22.5,30,-15,-22.5,-30,0,0.5,-0.5,0.75,-0.75,1,-1
6/1/2023 2:30,null,14.39,35.78,33.74,878.14,21.12,32.79,922.23,13.11,31.97,829.13,28.34,32.32,12732.3,4.26,31.12,889.16,30.82,31.37,831.27,0.72,31.39,874.73,1.7,31.71,871.98,-7.25,31.41,873.94,-7.26,31.57,865.68,-0.15,32.09,2374.41,2.12,32.44,2431.95,-0.18,32.1,2533.44,-0.02,31.47,2381.59,-8.83,33.7,898.88,-21.64,31.57,1231.65,0.02,32.79,2330.31,0.2,32.74,2390.05,0,-142.55,null,-0.12,30.72,2318.53,26.64,32.53,855.2,1.37,31.96,870.91,204.1,-204.1,188,-188,306,-306,408.2,-408.2,282,-282,376,-376,164,-164,282,-246,-327.9,327.9,204.1,-204.1,306,-306,408.2,-408.2,5,7.5,10,-5,-7.5,-10,15,22.5,30,-15,-22.5,-30,15,22.5,30,-15,-22.5,-30,0,0.5,-0.5,0.75,-0.75,1,-1
6/1/2023 2:45,null,14.38,35.71,33.73,878.14,20.28,32.47,922.17,13.66,31.92,829.24,29.72,32.27,12732.3,3.82,31.12,889.11,30.62,31.32,834.56,1.56,31.3,874.84,2.4,31.64,872.04,-6.26,31.21,874.11,-6.29,31.29,866.07,-0.14,32.1,2374.44,2.13,32.61,2432.02,-0.16,31.83,2533.97,-0.02,30.95,2381.64,-8.73,33.68,898.48,-20.79,31.45,1072.96,0.02,32.87,2330.33,0.2,32.58,2390.14,-0.1,-142.84,null,-0.13,31,2318.33,25.49,32.79,855.05,2.25,31.78,871.09,204.1,-204.1,188,-188,306,-306,408.2,-408.2,282,-282,376,-376,164,-164,282,-246,-327.9,327.9,204.1,-204.1,306,-306,408.2,-408.2,5,7.5,10,-5,-7.5,-10,15,22.5,30,-15,-22.5,-30,15,22.5,30,-15,-22.5,-30,0,0.5,-0.5,0.75,-0.75,1,-1
6/1/2023 3:00,null,14.38,35.7,33.59,878.13,19.85,32.36,922.14,14.54,31.71,829.3,20.28,32.1,12732.3,3.42,31.15,889.06,6.76,31.25,831.27,1.66,31.24,874.83,2.31,31.61,872.03,-6.62,31.16,874.06,-6.25,31.23,866.02,-0.14,32.19,2374.52,2.13,32.62,2432.16,-0.16,31.39,2534.11,-0.02,30.5,2381.75,-7.84,33.5,898.61,-20.71,31.4,1069.19,0.02,32.6,2330.38,0.2,32.27,2390.28,-0.1,-142.77,null,-0.13,31.08,2318.25,26.01,32.8,855.12,3.26,31.57,871.26,204.1,-204.1,188,-188,306,-306,408.2,-408.2,282,-282,376,-376,164,-164,282,-246,-327.9,327.9,204.1,-204.1,306,-306,408.2,-408.2,5,7.5,10,-5,-7.5,-10,15,22.5,30,-15,-22.5,-30,15,22.5,30,-15,-22.5,-30,0,0.5,-0.5,0.75,-0.75,1,-1
6/1/2023 3:15,null,14.38,35.49,33.65,878.13,20.31,32.68,922.18,15.13,31.57,829.34,23.45,31.99,12732.3,4.22,31.04,889.12,5.28,31.18,841.23,3.05,31.11,875.12,3.48,31.48,872.21,-5.69,30.96,874.21,-6.25,31.18,866.11,-0.13,32.44,2374.85,2.15,32.67,2432.71,-0.14,31.38,2534.45,-0.03,30.58,2381.4,-6.32,33.23,898.84,-20.28,31.17,1169.04,0.02,32.4,2330.35,0.2,32.17,2390.31,-0.1,-142.6,null,-0.14,31.32,2318.14,25.52,32.95,855.04,5.84,31.56,871.67,204.1,-204.1,188,-188,306,-306,408.2,-408.2,282,-282,376,-376,164,-164,282,-246,-327.9,327.9,204.1,-204.1,306,-306,408.2,-408.2,5,7.5,10,-5,-7.5,-10,15,22.5,30,-15,-22.5,-30,15,22.5,30,-15,-22.5,-30,0,0.5,-0.5,0.75,-0.75,1,-1
6/1/2023 3:30,null,14.38,35.13,33.54,878.06,20.1,32.39,922.16,15.61,31.44,829.42,22.06,31.89,12732.3,4.32,30.9,889.15,3.6,31.06,831.39,3.27,31.01,875.13,3.74,31.39,872.22,-5.94,30.87,874.17,-6.05,30.9,866.25,-0.13,32.08,2374.92,2.16,32.45,2432.76,-0.14,31.21,2534.55,-0.03,30.33,2381.5,-6.65,33.21,898.82,-20.25,31.25,1107.16,0.02,32.16,2330.35,0.2,31.94,2390.39,-0.1,-142.41,null,-0.14,31.02,2318.2,28.47,32.48,855.46,6.67,31.28,871.7,204.1,-204.1,188,-188,306,-306,408.2,-408.2,282,-282,376,-376,164,-164,282,-246,-327.9,327.9,204.1,-204.1,306,-306,408.2,-408.2,5,7.5,10,-5,-7.5,-10,15,22.5,30,-15,-22.5,-30,15,22.5,30,-15,-22.5,-30,0,0.5,-0.5,0.75,-0.75,1,-1
6/1/2023 3:45,null,14.39,35.38,33.59,878.09,20.24,32.45,922.17,15.18,31.47,829.37,22.73,31.92,12732.3,4.22,30.84,889.16,2.49,30.88,831.36,2.85,31.07,875.07,3.38,31.35,872.19,-6.2,30.82,874.13,-6.19,30.85,866.18,-0.12,32.02,2374.98,2.16,32.37,2432.78,-0.14,31.1,2534.58,-0.03,30.18,2381.5,-7.29,33.22,898.74,-19.8,31.09,1074,0.02,32.15,2330.31,0.2,31.94,2390.35,-0.1,-141.91,null,-0.14,31.11,2318.11,27.58,32.67,855.31,6.3,31.43,871.69,204.1,-204.1,188,-188,306,-306,408.2,-408.2,282,-282,376,-376,164,-164,282,-246,-327.9,327.9,204.1,-204.1,306,-306,408.2,-408.2,5,7.5,10,-5,-7.5,-10,15,22.5,30,-15,-22.5,-30,15,22.5,30,-15,-22.5,-30,0,0.5,-0.5,0.75,-0.75,1,-1
6/1/2023 4:00,null,14.37,35.3,33.53,878.09,20.48,32.62,922.18,15.92,31.25,829.44,25.09,31.75,12732.3,4.53,30.78,889.17,0.2,30.88,831.42,3.67,30.95,875.21,3.83,31.22,872.23,-5.96,30.72,874.17,-6.08,30.8,866.25,-0.12,32.02,2374.93,2.16,32.39,2432.84,-0.13,31.03,2534.73,-0.03,30.16,2381.52,-6.17,32.94,898.9,-19.91,30.95,1220.13,0.02,32.08,2330.29,0.2,31.88,2390.4,-0.1,-141.99,null,-0.14,31.18,2318.05,26.9,32.79,855.25,6.11,31.29,871.68,204.1,-204.1,188,-188,306,-306,408.2,-408.2,282,-282,376,-376,164,-164,282,-246,-327.9,327.9,204.1,-204.1,306,-306,408.2,-408.2,5,7.5,10,-5,-7.5,-10,15,22.5,30,-15,-22.5,-30,15,22.5,30,-15,-22.5,-30,0,0.5,-0.5,0.75,-0.75,1,-1
6/1/2023 4:15,null,14.38,35.45,33.64,878.11,20.45,32.53,922.18,15.6,31.2,829.42,25.76,31.7,12732.3,4.23,30.7,889.15,-2.35,30.74,831.44,3.48,30.85,875.16,3.85,31.14,872.23,-5.64,30.46,874.23,-6,30.68,866.27,-0.12,31.94,2375.03,2.16,32.31,2433.01,-0.13,30.99,2534.84,-0.03,30.02,2381.44,-5.67,32.81,898.93,-18.54,30.81,1142.48,0.01,32.01,2330.22,0.2,31.87,2390.39,-0.1,-142.33,null,-0.14,31.12,2318.06,27.98,32.68,855.36,6.92,31.21,871.75,204.1,-204.1,188,-188,306,-306,408.2,-408.2,282,-282,376,-376,164,-164,282,-246,-327.9,327.9,204.1,-204.1,306,-306,408.2,-408.2,5,7.5,10,-5,-7.5,-10,15,22.5,30,-15,-22.5,-30,15,22.5,30,-15,-22.5,-30,0,0.5,-0.5,0.75,-0.75,1,-1
6/1/2023 4:30,null,14.38,34.47,33.47,877.98,20.94,32.77,922.22,16.14,31.14,829.49,62.85,31.6,12732.3,3.7,30.81,889.08,-2.44,30.76,831.42,3.44,30.78,875.16,3.8,31.1,872.23,-4.36,30.2,874.44,-5.61,30.37,866.27,-0.12,31.86,2375.19,2.17,32.23,2433.04,-0.13,31.11,2534.72,-0.04,30.29,2381.26,-6.92,32.94,898.74,-18.52,30.61,1123.99,0.02,31.81,2330.32,0.2,31.7,2390.42,-0.1,-142.22,null,-0.14,31.14,2317.97,29.72,32.43,855.74,7.05,31.13,871.67,204.1,-204.1,188,-188,306,-306,408.2,-408.2,282,-282,376,-376,164,-164,282,-246,-327.9,327.9,204.1,-204.1,306,-306,408.2,-408.2,5,7.5,10,-5,-7.5,-10,15,22.5,30,-15,-22.5,-30,15,22.5,30,-15,-22.5,-30,0,0.5,-0.5,0.75,-0.75,1,-1
6/1/2023 4:45,null,14.38,32.95,32.95,877.79,20.93,32.89,922.22,14.62,31.18,829.3,30.25,31.54,12732.3,3.73,30.73,889.08,-4.02,30.76,831.38,3.07,30.69,875.1,3.66,31.1,872.22,-5.96,30.37,874.17,-6.12,30.56,866.21,-0.11,31.75,2375.3,2.17,32.02,2433.21,-0.13,31.19,2534.86,-0.05,30.55,2380.9,-8.56,33.14,898.48,-18.15,30.69,1127.06,0.01,32.26,2330.09,0.2,32.18,2390.09,-0.1,-142.5,null,-0.15,31.45,2317.93,27.9,32.81,855.37,6.48,31.37,871.68,204.1,-204.1,188,-188,306,-306,408.2,-408.2,282,-282,376,-376,164,-164,282,-246,-327.9,327.9,204.1,-204.1,306,-306,408.2,-408.2,5,7.5,10,-5,-7.5,-10,15,22.5,30,-15,-22.5,-30,15,22.5,30,-15,-22.5,-30,0,0.5,-0.5,0.75,-0.75,1,-1
6/1/2023 5:00,null,14.38,32.73,32.89,877.77,20.68,32.67,922.2,14.49,31.14,829.28,30.22,31.44,12732.3,4.27,30.72,889.19,-5.27,30.84,831.43,3.42,30.59,875.15,4.39,30.96,872.22,-6.48,30.4,874.08,-6.17,30.43,866.14,-0.11,31.58,2375.42,2.18,31.96,2433.37,-0.13,31.35,2534.9,-0.05,30.4,2380.9,-6.47,32.77,898.8,-17.45,30.44,1008.74,0.01,32.23,2330.11,0.2,32.27,2390.14,-0.1,-142.5,null,-0.14,31.44,2318.02,30.63,32.46,855.85,8.85,31.13,872.11,204.1,-204.1,188,-188,306,-306,408.2,-408.2,282,-282,376,-376,164,-164,282,-246,-327.9,327.9,204.1,-204.1,306,-306,408.2,-408.2,5,7.5,10,-5,-7.5,-10,15,22.5,30,-15,-22.5,-30,15,22.5,30,-15,-22.5,-30,0,0.5,-0.5,0.75,-0.75,1,-1
6/1/2023 5:15,null,14.37,33.99,33.34,877.93,19.93,32.34,922.15,15.06,31.07,829.33,32.33,31.43,12732.3,5.22,30.5,889.29,-6.02,30.56,831.56,3.86,30.6,875.2,4.49,31.02,872.24,-6.08,30.33,874.13,-6.09,30.54,866.24,-0.1,31.44,2375.77,2.22,31.94,2435.24,-0.04,30.91,2539.37,-0.23,30.02,2377.05,-0.53,32.62,900.53,-15.6,30.65,1000.84,0.01,32.05,2330.04,0.2,31.97,2390.29,-0.1,-142.45,null,-0.13,30.92,2318.3,34.37,31.96,856.38,10.93,31.23,872.23,204.1,-204.1,188,-188,306,-306,408.2,-408.2,282,-282,376,-376,164,-164,282,-246,-327.9,327.9,204.1,-204.1,306,-306,408.2,-408.2,5,7.5,10,-5,-7.5,-10,15,22.5,30,-15,-22.5,-30,15,22.5,30,-15,-22.5,-30,0,0.5,-0.5,0.75,-0.75,1,-1
6/1/2023 5:30,null,14.37,34.95,33.54,878.04,20.03,32.52,922.15,15.03,31.06,829.34,29.32,31.43,12732.3,5.31,30.53,889.3,-6.76,30.61,831.56,3.92,30.6,875.25,5.08,30.97,872.18,-5.87,30.31,874.22,-5.98,30.45,866.28,-0.08,31.47,2376.26,2.23,31.95,2434.61,-0.04,30.93,2536.85,-0.11,30.08,2379.31,-4.81,32.56,899.04,-16.82,30.74,1102.29,0.01,32.25,2330.04,0.2,32.02,2390.26,-0.1,-142.14,null,-0.13,34.62,2318.21,41.24,31.77,856.51,10.66,31.29,872.16,204.1,-204.1,188,-188,306,-306,408.2,-408.2,282,-282,376,-376,164,-164,282,-246,-327.9,327.9,204.1,-204.1,306,-306,408.2,-408.2,5,7.5,10,-5,-7.5,-10,15,22.5,30,-15,-22.5,-30,15,22.5,30,-15,-22.5,-30,0,0.5,-0.5,0.75,-0.75,1,-1
6/1/2023 5:45,null,14.38,34.87,33.57,878.04,19.65,32.54,922.12,15.33,31.11,829.39,29.64,31.45,12732.3,5.9,30.41,889.42,-6.22,30.56,831.88,3.84,30.66,875.22,5.07,30.97,872.19,-5.28,30.33,874.29,-3.62,30.57,866.77,-0.04,31.35,2377.14,2.25,31.78,2434.99,-0.04,30.92,2536.96,-0.12,30.07,2379.19,-4.09,32.52,899.17,-15.45,30.77,1185.58,0.01,32.14,2330.04,0.2,31.95,2390.33,-0.1,-142.11,null,-0.13,30.6,2318.31,39.85,31.53,856.77,10.39,31.2,872.17,204.1,-204.1,188,-188,306,-306,408.2,-408.2,282,-282,376,-376,164,-164,282,-246,-327.9,327.9,204.1,-204.1,306,-306,408.2,-408.2,5,7.5,10,-5,-7.5,-10,15,22.5,30,-15,-22.5,-30,15,22.5,30,-15,-22.5,-30,0,0.5,-0.5,0.75,-0.75,1,-1
6/1/2023 6:00,null,14.38,34.86,33.44,878.03,19.31,32.34,922.09,16.15,31.01,829.48,37.28,31.38,12732.3,5.3,30.44,889.35,-8.64,30.55,831.61,5.13,30.69,875.43,6.49,30.98,872.19,-4.47,30.45,874.43,-5.55,30.53,866.25,-0.04,31.53,2377.04,2.25,31.77,2435.18,-0.02,30.81,2537.39,-0.13,30.08,2378.81,-3.15,32.42,899.37,-15.93,30.72,1112.18,0.01,31.95,2330.11,0.2,31.69,2390.4,-0.1,-142.21,null,-0.14,30.59,2318.15,40.67,31.35,856.97,11.13,31.05,872.3,204.1,-204.1,188,-188,306,-306,408.2,-408.2,282,-282,376,-376,164,-164,282,-246,-327.9,327.9,204.1,-204.1,306,-306,408.2,-408.2,5,7.5,10,-5,-7.5,-10,15,22.5,30,-15,-22.5,-30,15,22.5,30,-15,-22.5,-30,0,0.5,-0.5,0.75,-0.75,1,-1
6/1/2023 6:15,null,14.38,34.75,33.51,878.02,19.97,32.44,922.15,16.22,31.06,829.49,38.26,-2.63,12732.3,6.6,30.27,889.52,-9.68,30.56,835,6.31,30.72,875.61,7.24,31.01,872.27,-3.24,30.36,874.6,-5.4,30.49,866.4,-0.03,31.6,2377.48,2.26,31.89,2435.34,-0.02,30.75,2537.48,-0.14,30.08,2378.72,-2.49,32.44,899.45,-15.94,30.74,1092.86,0.01,31.98,2329.95,0.2,31.66,2390.35,-0.1,-141.99,null,-0.14,30.56,2318.14,40.9,31.28,857.1,10.73,31.01,872.16,204.1,-204.1,188,-188,306,-306,408.2,-408.2,282,-282,376,-376,164,-164,282,-246,-327.9,327.9,204.1,-204.1,306,-306,408.2,-408.2,5,7.5,10,-5,-7.5,-10,15,22.5,30,-15,-22.5,-30,15,22.5,30,-15,-22.5,-30,0,0.5,-0.5,0.75,-0.75,1,-1
6/1/2023 6:30,null,14.37,34.48,33.43,877.98,18.69,32.19,922,16.79,31,829.6,39.37,31.37,12732.3,5.42,30.48,889.37,-9.13,30.59,831.63,7.75,30.83,875.81,8.29,31.08,872.39,-2.33,30.55,874.74,-4.69,30.53,866.55,0,31.8,2378.16,2.27,32.11,2435.57,-0.01,30.72,2537.58,-0.14,30.23,2378.69,5.11,32.45,899.67,-15.37,30.64,1047.48,0,31.92,2329.97,0.2,31.61,2390.42,-0.1,-142.12,null,-0.14,30.71,2318.04,40.48,31.3,856.94,10.07,31.11,872.11,204.1,-204.1,188,-188,306,-306,408.2,-408.2,282,-282,376,-376,164,-164,282,-246,-327.9,327.9,204.1,-204.1,306,-306,408.2,-408.2,5,7.5,10,-5,-7.5,-10,15,22.5,30,-15,-22.5,-30,15,22.5,30,-15,-22.5,-30,0,0.5,-0.5,0.75,-0.75,1,-1
6/1/2023 6:45,null,14.38,34.6,33.56,878,18.9,32.3,922.04,16.93,31.03,829.64,39.06,31.44,12732.3,5.22,30.54,889.28,-9.18,30.74,831.59,9.37,30.97,876,8.82,31.22,872.45,-0.89,30.64,875.06,-4.21,30.68,866.6,0.03,31.87,2378.88,2.28,32.23,2435.81,-0.01,30.8,2537.59,-0.15,30.33,2378.54,-1.09,32.63,899.62,-14.19,30.89,1000.74,0,31.88,2329.91,0.2,31.64,2390.37,-0.1,-142.29,null,-0.14,30.79,2318.02,39.55,31.35,856.7,9.15,31.2,873.66,204.1,-204.1,188,-188,306,-306,408.2,-408.2,282,-282,376,-376,164,-164,282,-246,-327.9,327.9,204.1,-204.1,306,-306,408.2,-408.2,5,7.5,10,-5,-7.5,-10,15,22.5,30,-15,-22.5,-30,15,22.5,30,-15,-22.5,-30,0,0.5,-0.5,0.75,-0.75,1,-1
6/1/2023 7:00,null,14.38,34.6,33.44,878,20.34,32.74,922.18,17.24,31.2,829.69,39.35,31.54,12732.3,5.28,30.66,889.29,-20.54,30.89,831.58,10.12,31.25,876.15,9.58,31.43,872.51,1.17,30.96,875.21,-3.91,30.97,866.66,0.08,31.89,2380.35,2.3,32.21,2436.49,-0.01,31.1,2537.61,-0.16,30.74,2378.22,-0.51,32.86,899.67,-12.82,31.13,996.89,0,32.12,2329.87,0.2,31.89,2390.21,-0.1,-142.46,null,-0.14,30.68,2318.07,37.39,31.52,856.58,8.62,31.48,872.08,204.1,-204.1,188,-188,306,-306,408.2,-408.2,282,-282,376,-376,164,-164,282,-246,-327.9,327.9,204.1,-204.1,306,-306,408.2,-408.2,5,7.5,10,-5,-7.5,-10,15,22.5,30,-15,-22.5,-30,15,22.5,30,-15,-22.5,-30,0,0.5,-0.5,0.75,-0.75,1,-1
6/1/2023 7:15,null,14.37,34.28,33.47,877.96,19.62,32.59,922.12,17.33,31.39,829.71,23.67,31.67,12732.3,4.83,30.79,889.24,-20.52,30.95,831.57,11.57,31.56,876.44,10.52,31.61,872.73,8.51,31.22,876.08,-3.23,31.24,866.82,0.14,31.86,2381.77,2.34,32.27,2437.34,0.01,31.38,2538.37,-0.19,31.06,2377.56,1.25,33.02,900.05,-11.65,31.27,1090.09,0,32.31,2329.8,0.2,31.95,2390.25,-0.1,-142.59,null,-0.14,30.63,2318.05,36.55,31.56,856.55,8.53,31.56,872.06,204.1,-204.1,188,-188,306,-306,408.2,-408.2,282,-282,376,-376,164,-164,282,-246,-327.9,327.9,204.1,-204.1,306,-306,408.2,-408.2,5,7.5,10,-5,-7.5,-10,15,22.5,30,-15,-22.5,-30,15,22.5,30,-15,-22.5,-30,0,0.5,-0.5,0.75,-0.75,1,-1
6/1/2023 7:30,null,14.38,34.32,33.45,877.97,20.15,32.77,922.16,17.97,31.43,829.81,23.3,31.76,12732.3,9.92,30.89,889.26,-20.25,31.15,831.74,14.49,31.67,876.96,12.6,31.72,873.3,8.7,31.33,876.15,-0.77,31.34,867.06,0.21,32.12,2383.73,2.38,32.38,2438.48,0.03,31.5,2538.79,-0.21,31.2,2376.97,3.43,33.21,900.26,-10.64,31.42,1051.34,-0.01,32.34,2329.66,0.2,32.02,2390.33,-0.1,-142.43,null,-0.14,30.91,2317.98,35.27,31.66,856.46,8.23,31.68,871.96,204.1,-204.1,188,-188,306,-306,408.2,-408.2,282,-282,376,-376,164,-164,282,-246,-327.9,327.9,204.1,-204.1,306,-306,408.2,-408.2,5,7.5,10,-5,-7.5,-10,15,22.5,30,-15,-22.5,-30,15,22.5,30,-15,-22.5,-30,0,0.5,-0.5,0.75,-0.75,1,-1
6/1/2023 7:45,null,14.38,34.68,33.67,878.01,20.74,33.06,922.22,18.34,31.69,829.87,23.32,31.92,12732.3,5.03,31.15,889.25,-20.39,31.33,831.62,16.76,32.11,877.1,13.65,32.1,873.5,8.26,31.81,876.28,-0.22,31.79,867.2,0.29,32.47,2385.66,2.43,32.68,2439.71,0.05,31.71,2539.27,-0.23,31.74,2376.37,5.79,33.56,900.56,-10.87,31.74,1013.18,-0.01,32.42,2329.53,0.2,32.22,2390.28,-0.1,-142.41,null,-0.14,31.19,2318.15,33.69,31.87,856.33,7.22,31.93,871.85,204.1,-204.1,188,-188,306,-306,408.2,-408.2,282,-282,376,-376,164,-164,282,-246,-327.9,327.9,204.1,-204.1,306,-306,408.2,-408.2,5,7.5,10,-5,-7.5,-10,15,22.5,30,-15,-22.5,-30,15,22.5,30,-15,-22.5,-30,0,0.5,-0.5,0.75,-0.75,1,-1
6/1/2023 8:00,null,14.37,35.39,33.97,878.09,21.19,33.19,922.23,18.49,31.85,829.89,22.85,32.07,12732.3,4.92,31.34,889.24,-22.22,31.66,831.73,18.8,32.48,877.19,14.14,32.37,873.7,9.73,32.08,876.46,1.11,32.02,867.38,0.32,32.8,2386.38,2.44,33,2439.88,0.06,31.9,2539.4,-0.25,32.04,2376.02,6.73,33.82,900.71,-11.68,32.07,993.26,-0.02,32.71,2329.44,0.2,32.33,2390.28,-0.1,-142.5,null,-0.14,31.38,2317.97,32.49,32.02,856.18,6.82,32.1,871.65,204.1,-204.1,188,-188,306,-306,408.2,-408.2,282,-282,376,-376,164,-164,282,-246,-327.9,327.9,204.1,-204.1,306,-306,408.2,-408.2,5,7.5,10,-5,-7.5,-10,15,22.5,30,-15,-22.5,-30,15,22.5,30,-15,-22.5,-30,0,0.5,-0.5,0.75,-0.75,1,-1
6/1/2023 8:15,null,14.38,35.91,33.95,878.16,22.07,33.49,922.29,18.73,31.98,829.93,25.82,32.18,12732.3,5.06,31.54,889.29,-20.88,31.78,831.55,18.47,32.77,877.32,15.24,32.56,873.91,11.11,32.38,876.63,2.52,32.25,867.57,0.36,33.04,2387.59,2.46,33.15,2440.58,0.07,32.06,2539.53,-0.27,32.21,2375.48,7.67,34.06,900.89,-12.56,32.28,1103.11,-0.02,32.76,2329.4,0.2,32.49,2390.22,-0.1,-142.91,null,-0.15,31.54,2317.94,31.22,32.21,856.1,6.4,32.26,871.71,204.1,-204.1,188,-188,306,-306,408.2,-408.2,282,-282,376,-376,164,-164,282,-246,-327.9,327.9,204.1,-204.1,306,-306,408.2,-408.2,5,7.5,10,-5,-7.5,-10,15,22.5,30,-15,-22.5,-30,15,22.5,30,-15,-22.5,-30,0,0.5,-0.5,0.75,-0.75,1,-1
6/1/2023 8:30,null,14.38,36.21,34.35,878.2,22.53,33.74,922.33,19.56,32.19,830.07,23.35,32.37,12732.3,7.47,31.72,889.63,-22.62,31.97,831.81,21.8,33.15,877.79,17.69,32.94,874.27,13.48,32.89,876.94,5.25,32.7,867.81,0.44,33.38,2389.74,2.54,33.48,2442.51,0.14,32.32,2541.43,-0.35,32.78,2373.31,9.47,34.5,901.34,-11.62,32.58,997.43,-0.03,33.23,2329.2,0.2,32.72,2390.13,-0.1,-143.01,null,-0.14,31.84,2317.98,29.53,32.51,855.72,5.57,32.64,871.61,204.1,-204.1,188,-188,306,-306,408.2,-408.2,282,-282,376,-376,164,-164,282,-246,-327.9,327.9,204.1,-204.1,306,-306,408.2,-408.2,5,7.5,10,-5,-7.5,-10,15,22.5,30,-15,-22.5,-30,15,22.5,30,-15,-22.5,-30,0,0.5,-0.5,0.75,-0.75,1,-1
6/1/2023 8:45,null,14.38,36.91,34.38,878.27,22.78,34.04,922.37,19.28,32.55,830.03,57.12,32.66,12732.3,8.47,32.16,889.78,-22.58,32.38,831.78,23.16,33.65,877.9,18.96,33.35,874.41,14.79,33.34,877.17,7.28,33.21,868.12,0.52,33.72,2391.72,2.6,33.91,2443.75,0.18,32.64,2542.17,-0.4,33.08,2372.2,9.29,35.04,901.05,-14.59,33.14,1025.91,-0.03,33.53,2329.12,0.2,32.96,2390.07,-0.1,-143.28,null,-0.14,32.15,2317.98,28.07,32.79,855.39,4.65,32.98,871.31,204.1,-204.1,188,-188,306,-306,408.2,-408.2,282,-282,376,-376,164,-164,282,-246,-327.9,327.9,204.1,-204.1,306,-306,408.2,-408.2,5,7.5,10,-5,-7.5,-10,15,22.5,30,-15,-22.5,-30,15,22.5,30,-15,-22.5,-30,0,0.5,-0.5,0.75,-0.75,1,-1
6/1/2023 9:00,null,14.38,37.15,34.4,878.32,23.3,34.14,922.44,20.06,32.84,830.14,20.86,32.87,12732.3,9.8,32.43,890.13,-22.45,32.69,831.95,24.22,33.89,878.15,20.93,33.62,874.68,16.1,33.76,877.41,9.25,33.45,868.08,0.58,34.08,2393.19,2.66,34.17,2445.26,0.24,32.85,2543.84,-0.48,33.34,2370.18,11.71,35.28,901.34,-15.5,33.31,985.95,-0.03,33.77,2329.08,0.2,33.14,2389.96,-0.1,-143.33,null,-0.14,32.41,2318.06,26.12,33.04,855.12,3.98,33.2,871.25,204.1,-204.1,188,-188,306,-306,408.2,-408.2,282,-282,376,-376,164,-164,282,-246,-327.9,327.9,204.1,-204.1,306,-306,408.2,-408.2,5,7.5,10,-5,-7.5,-10,15,22.5,30,-15,-22.5,-30,15,22.5,30,-15,-22.5,-30,0,0.5,-0.5,0.75,-0.75,1,-1
6/1/2023 9:15,null,14.38,37.64,34.52,878.39,24.17,34.5,922.55,20.42,33,830.19,57.07,33.03,12732.3,11.21,32.73,890.17,-22.12,32.93,831.99,24.19,34.23,878.14,20.9,33.99,874.67,16.25,34.03,877.47,10.36,33.77,868.44,0.6,34.41,2393.79,2.67,34.43,2445.57,0.25,33.01,2544.02,-0.5,33.59,2369.48,10.52,35.67,901.22,-16.7,33.69,985.94,-0.03,33.84,2329.04,0.2,33.36,2389.85,-0.1,-143.64,null,-0.14,32.62,2318.01,24.37,33.31,854.87,2.94,33.48,871.22,204.1,-204.1,188,-188,306,-306,408.2,-408.2,282,-282,376,-376,164,-164,282,-246,-327.9,327.9,204.1,-204.1,306,-306,408.2,-408.2,5,7.5,10,-5,-7.5,-10,15,22.5,30,-15,-22.5,-30,15,22.5,30,-15,-22.5,-30,0,0.5,-0.5,0.75,-0.75,1,-1
6/1/2023 9:30,null,14.37,38.56,34.85,878.53,24.78,34.74,922.64,20.96,33.14,830.26,24.22,33.18,12732.3,13.35,32.87,890.47,-20.74,33.03,832.36,24.36,34.58,878.19,22.2,34.22,874.8,16.15,34.52,877.44,11.28,34.22,868.25,0.66,34.55,2395.59,2.75,34.59,2447.51,0.33,33.32,2545.93,-0.6,34.1,2367.09,9.33,36.07,901.03,-17.49,34.13,1034.65,-0.03,34.18,2329.06,0.2,33.54,2389.71,-0.1,-143.66,null,-0.14,32.9,2317.99,23.24,33.58,854.76,2.51,33.81,871.14,204.1,-204.1,188,-188,306,-306,408.2,-408.2,282,-282,376,-376,164,-164,282,-246,-327.9,327.9,204.1,-204.1,306,-306,408.2,-408.2,5,7.5,10,-5,-7.5,-10,15,22.5,30,-15,-22.5,-30,15,22.5,30,-15,-22.5,-30,0,0.5,-0.5,0.75,-0.75,1,-1
6/1/2023 9:45,null,14.38,39.13,34.99,878.61,25.7,34.85,922.72,20.89,33.38,830.3,28.26,33.39,12732.3,12.63,33.11,890.4,-22.64,33.37,832.19,23.78,34.61,878.06,21.82,34.39,874.78,15.55,34.59,877.29,11.44,34.36,868.25,0.66,34.78,2395.52,2.75,34.81,2447.53,0.34,33.42,2545.99,-0.61,34.1,2366.72,8.67,36.26,900.96,-18.45,34.27,1009.8,-0.03,34.54,2329.18,0.2,33.82,2389.59,-0.1,-144.24,null,-0.14,33.07,2318.02,23.35,33.84,854.64,1.62,33.88,870.94,204.1,-204.1,188,-188,306,-306,408.2,-408.2,282,-282,376,-376,164,-164,282,-246,-327.9,327.9,204.1,-204.1,306,-306,408.2,-408.2,5,7.5,10,-5,-7.5,-10,15,22.5,30,-15,-22.5,-30,15,22.5,30,-15,-22.5,-30,0,0.5,-0.5,0.75,-0.75,1,-1
6/1/2023 10:00,null,14.38,39.4,35.1,878.65,26.89,35.08,922.82,20.8,33.53,830.27,29.27,33.5,12732.3,11.44,33.26,890.21,-22,33.53,832.11,21.8,34.97,877.78,20.69,34.65,874.65,13.81,34.79,876.98,10.94,34.45,868.27,0.66,34.89,2395.35,2.75,34.97,2447.58,0.34,33.53,2546.02,-0.63,34.19,2366.18,7.85,36.46,900.96,-19.35,34.38,986.09,-0.03,34.57,2329.2,0.2,33.94,2389.52,-0.1,-144.06,null,-0.15,33.22,2317.94,21.8,34.02,854.59,1.78,34.09,871.1,204.1,-204.1,188,-188,306,-306,408.2,-408.2,282,-282,376,-376,164,-164,282,-246,-327.9,327.9,204.1,-204.1,306,-306,408.2,-408.2,5,7.5,10,-5,-7.5,-10,15,22.5,30,-15,-22.5,-30,15,22.5,30,-15,-22.5,-30,0,0.5,-0.5,0.75,-0.75,1,-1
6/1/2023 10:15,null,14.38,39.45,35.04,878.66,27.27,35.02,922.86,21.44,33.64,830.35,22.64,33.61,12732.3,9.51,33.54,889.95,-22.56,33.8,831.95,20.15,35.22,877.5,20.52,34.83,874.62,11.51,35.01,876.67,9.92,34.73,868.26,0.66,35.05,2395.27,2.75,35.12,2447.71,0.35,33.78,2546.45,-0.68,34.55,2365.08,7.22,36.78,900.75,-20.33,34.6,986.06,-0.02,34.65,2329.27,0.2,34.05,2389.45,-0.1,-143.95,null,-0.15,33.37,2317.88,22.43,34.2,854.53,-0.21,34.32,870.75,204.1,-204.1,188,-188,306,-306,408.2,-408.2,282,-282,376,-376,164,-164,282,-246,-327.9,327.9,204.1,-204.1,306,-306,408.2,-408.2,5,7.5,10,-5,-7.5,-10,15,22.5,30,-15,-22.5,-30,15,22.5,30,-15,-22.5,-30,0,0.5,-0.5,0.75,-0.75,1,-1
6/1/2023 10:30,null,14.38,39.91,35.12,878.72,29.07,35.4,922.97,20.49,33.84,830.22,25.19,33.82,12732.3,8.17,33.75,889.75,-22.65,34.06,831.86,18.3,35.35,877.29,18.88,35.16,874.42,9.12,35.28,879.83,9.01,35.05,868.09,0.66,35.3,2395.22,2.75,35.35,2447.63,0.35,34.02,2546.4,-0.7,34.83,2364.44,5.43,37.15,900.57,-21.06,35.01,1022.07,-0.02,34.91,2329.28,0.2,34.29,2389.28,-0.1,-144.4,null,-0.15,33.61,2317.84,20.84,34.52,854.29,-1.64,34.68,870.45,204.1,-204.1,188,-188,306,-306,408.2,-408.2,282,-282,376,-376,164,-164,282,-246,-327.9,327.9,204.1,-204.1,306,-306,408.2,-408.2,5,7.5,10,-5,-7.5,-10,15,22.5,30,-15,-22.5,-30,15,22.5,30,-15,-22.5,-30,0,0.5,-0.5,0.75,-0.75,1,-1
6/1/2023 10:45,null,14.38,41.41,35.57,878.9,30.67,35.69,923.4,21.53,34.01,830.51,57.06,34,12732.3,8.81,33.93,889.83,-22.49,34.3,832.09,17.7,35.76,877.21,20.87,35.45,874.68,8.73,35.66,879.78,10.24,35.38,868.31,0.72,35.56,2396.82,2.82,35.44,2449.47,0.42,34.3,2548.15,-0.8,35.19,2361.92,5.79,37.4,900.62,-22.02,35.23,986.18,-0.02,35.19,2329.32,0.1,34.46,2389.13,-0.1,-144.78,null,-0.15,33.96,2317.78,20.01,34.81,853.72,-2.47,34.99,870.35,204.1,-204.1,188,-188,306,-306,408.2,-408.2,282,-282,376,-376,164,-164,282,-246,-327.9,327.9,204.1,-204.1,306,-306,408.2,-408.2,5,7.5,10,-5,-7.5,-10,15,22.5,30,-15,-22.5,-30,15,22.5,30,-15,-22.5,-30,0,0.5,-0.5,0.75,-0.75,1,-1
6/1/2023 11:00,null,14.38,41.6,35.58,878.97,31.4,35.89,923.26,21.23,34.17,830.33,26.05,34.14,12732.3,7.44,34.13,889.65,-20.62,34.44,831.93,16.27,35.96,877.04,20.36,35.67,874.59,7.64,35.84,879.65,9.86,35.62,868.28,0.72,35.5,2396.76,2.82,35.56,2449.38,0.42,34.59,2548.05,-0.82,35.64,2361.51,5.31,37.66,900.6,-22.83,35.55,986.19,-0.02,35.25,2329.32,0.1,34.77,2389.01,-0.2,-144.56,null,-0.15,34.27,2317.74,15.02,35.06,853.64,-3.52,35.25,870.26,204.1,-204.1,188,-188,306,-306,408.2,-408.2,282,-282,376,-376,164,-164,282,-246,-327.9,327.9,204.1,-204.1,306,-306,408.2,-408.2,5,7.5,10,-5,-7.5,-10,15,22.5,30,-15,-22.5,-30,15,22.5,30,-15,-22.5,-30,0,0.5,-0.5,0.75,-0.75,1,-1
6/1/2023 11:15,null,14.38,41.84,35.73,879,31.58,35.87,923.29,21.74,34.27,830.39,27.12,34.21,12732.3,7.45,34.19,889.64,-22.64,34.59,832.11,16.63,35.85,877.1,20.88,35.67,874.69,6.57,35.9,908.26,10.19,35.71,868.4,0.71,35.7,2396.63,2.82,35.59,2449.36,0.42,34.73,2548.09,-0.84,35.61,2361.01,6.01,37.69,900.66,-23.49,35.5,986.31,-0.02,35.36,2329.42,0.1,34.83,2388.96,-0.2,-144.75,null,-0.15,34.36,2317.8,13.55,35.11,853.5,-4.15,35.29,870.18,204.1,-204.1,188,-188,306,-306,408.2,-408.2,282,-282,376,-376,164,-164,282,-246,-327.9,327.9,204.1,-204.1,306,-306,408.2,-408.2,5,7.5,10,-5,-7.5,-10,15,22.5,30,-15,-22.5,-30,15,22.5,30,-15,-22.5,-30,0,0.5,-0.5,0.75,-0.75,1,-1
6/1/2023 11:30,null,14.38,42.41,35.77,879.07,32.5,36.11,923.72,21.1,34.66,830.31,25.23,34.42,12732.3,8.05,34.3,889.75,-20.45,34.78,832.16,15.43,36.13,876.95,21.32,36.08,874.62,5.87,35.98,875.95,9.71,35.92,868.26,0.72,35.8,2396.88,2.83,35.78,2449.67,0.45,34.85,2548.86,-0.9,35.85,2359.51,4.98,37.96,900.57,-23.66,35.79,986.21,-0.02,35.71,2329.4,0.1,34.97,2388.77,-0.2,-144.83,null,-0.15,34.54,2317.78,12.71,35.34,853.73,-4.67,35.52,870.22,204.1,-204.1,188,-188,306,-306,408.2,-408.2,282,-282,376,-376,164,-164,282,-246,-327.9,327.9,204.1,-204.1,306,-306,408.2,-408.2,5,7.5,10,-5,-7.5,-10,15,22.5,30,-15,-22.5,-30,15,22.5,30,-15,-22.5,-30,0,0.5,-0.5,0.75,-0.75,1,-1
6/1/2023 11:45,null,14.38,43.55,36.06,879.24,34.06,36.43,923.97,20.39,35.04,830.22,25.24,34.72,12732.3,7.46,34.55,889.6,-20.69,34.98,832.04,14.23,36.5,876.77,19.27,36.43,874.46,3.97,36.37,875.65,8.13,36.36,868.06,0.72,36.15,2396.74,2.83,36.11,2449.69,0.45,35.13,2548.82,-0.92,36.38,2358.99,4.33,38.32,900.34,-23.25,36.24,986.11,-0.02,35.79,2329.41,0.1,35.07,2388.74,-0.2,-145.08,null,-0.15,34.83,2317.71,10.37,35.69,852.78,-6.83,35.9,869.69,204.1,-204.1,188,-188,306,-306,408.2,-408.2,282,-282,376,-376,164,-164,282,-246,-327.9,327.9,204.1,-204.1,306,-306,408.2,-408.2,5,7.5,10,-5,-7.5,-10,15,22.5,30,-15,-22.5,-30,15,22.5,30,-15,-22.5,-30,0,0.5,-0.5,0.75,-0.75,1,-1
6/1/2023 12:00,null,14.38,43.98,36.21,879.3,34.82,36.66,924.08,20.64,35.24,830.27,25.12,34.96,12732.3,6.44,34.92,889.5,-20.16,35.49,832.08,14.31,36.78,876.8,19.73,36.73,874.51,4.23,36.6,875.7,9.42,36.73,868.19,0.76,36.36,2397.87,2.88,36.29,2450.77,0.5,35.39,2549.84,-0.97,36.45,2357.65,4.33,38.66,900.44,-23.26,36.6,986.05,-0.02,35.94,2329.42,0.1,35.38,2388.53,-0.2,-145.33,null,-0.15,35.11,2317.74,9.05,36.02,852.63,-7.66,36.23,869.68,204.1,-204.1,188,-188,306,-306,408.2,-408.2,282,-282,376,-376,164,-164,282,-246,-327.9,327.9,204.1,-204.1,306,-306,408.2,-408.2,5,7.5,10,-5,-7.5,-10,15,22.5,30,-15,-22.5,-30,15,22.5,30,-15,-22.5,-30,0,0.5,-0.5,0.75,-0.75,1,-1
6/1/2023 12:15,null,14.38,44.7,36.44,879.4,35.68,36.85,924.2,20.5,35.47,830.22,24.15,35.19,12732.3,6.47,35.06,889.49,-22.47,35.68,832.07,13.34,36.96,876.7,19.08,36.98,874.44,3.85,36.85,875.64,9.31,36.95,868.14,0.76,36.42,2397.85,2.87,36.52,2450.79,0.5,35.65,2549.83,-0.98,36.95,2357.26,4.45,38.9,900.45,-24.88,36.78,986.17,-0.02,36.32,2329.43,0.1,35.66,2388.44,-0.2,-145.66,null,-0.15,35.27,2317.79,7.16,36.28,852.33,-8.39,36.46,869.55,204.1,-204.1,188,-188,306,-306,408.2,-408.2,282,-282,376,-376,164,-164,282,-246,-327.9,327.9,204.1,-204.1,306,-306,408.2,-408.2,5,7.5,10,-5,-7.5,-10,15,22.5,30,-15,-22.5,-30,15,22.5,30,-15,-22.5,-30,0,0.5,-0.5,0.75,-0.75,1,-1
6/1/2023 12:30,null,14.38,45.29,36.54,879.5,36.32,37.02,924.28,21.64,35.6,830.46,22.23,35.25,12732.3,7.02,35.1,889.57,-22.23,35.72,832.27,13.75,37.18,876.72,20.45,37.19,874.62,4.48,36.8,875.73,12.07,36.89,868.5,0.77,36.48,2397.82,2.88,36.35,2450.99,0.5,35.79,2550.02,-1.01,37.15,2356.54,6.12,38.86,900.7,-24.52,36.73,986.49,-0.01,36.25,2329.55,0.1,35.88,2388.35,-0.2,-145.94,null,-0.15,35.57,2317.77,5.67,36.46,852.12,-8.8,36.63,869.5,204.1,-204.1,188,-188,306,-306,408.2,-408.2,282,-282,376,-376,164,-164,282,-246,-327.9,327.9,204.1,-204.1,306,-306,408.2,-408.2,5,7.5,10,-5,-7.5,-10,15,22.5,30,-15,-22.5,-30,15,22.5,30,-15,-22.5,-30,0,0.5,-0.5,0.75,-0.75,1,-1
6/1/2023 12:45,null,14.38,45.08,36.67,879.47,36.9,37.29,924.36,22.03,35.82,830.44,24.2,35.49,12732.3,7.15,35.41,889.48,-22.3,35.97,832.29,12.54,37.5,876.56,20.08,37.59,874.56,2.68,37.45,875.45,9.72,37.52,868.25,0.76,36.81,2397.83,2.89,36.59,2451.27,0.52,36.13,2550.37,-1.07,37.55,2355.08,5.18,39.36,900.46,-24.7,37.31,986.21,-0.02,36.71,2329.51,0.1,36.22,2388.17,-0.2,-145.74,null,-0.15,35.82,2317.86,4.36,36.77,851.93,-9.71,36.93,869.46,204.1,-204.1,188,-188,306,-306,408.2,-408.2,282,-282,376,-376,164,-164,282,-246,-327.9,327.9,204.1,-204.1,306,-306,408.2,-408.2,5,7.5,10,-5,-7.5,-10,15,22.5,30,-15,-22.5,-30,15,22.5,30,-15,-22.5,-30,0,0.5,-0.5,0.75,-0.75,1,-1
6/1/2023 13:00,null,14.38,45.54,36.74,879.53,37.44,37.29,924.44,23.31,35.95,830.53,23.13,35.57,12732.3,6.57,35.47,891.42,-20.24,36.08,832.84,13.57,37.38,876.7,21.76,37.71,874.81,4.21,37.27,875.55,12.82,37.41,868.28,0.75,36.69,2397.65,2.89,36.5,2451.18,0.55,36.2,2551.13,-1.12,37.59,2353.85,7.79,39.24,900.67,-26.17,37.2,986.6,-0.01,36.6,2329.62,0.1,36.31,2388.15,-0.2,-145.71,null,-0.15,36.05,2317.95,4.03,36.86,851.88,-9.45,37,869.51,204.1,-204.1,188,-188,306,-306,408.2,-408.2,282,-282,376,-376,164,-164,282,-246,-327.9,327.9,204.1,-204.1,306,-306,408.2,-408.2,5,7.5,10,-5,-7.5,-10,15,22.5,30,-15,-22.5,-30,15,22.5,30,-15,-22.5,-30,0,0.5,-0.5,0.75,-0.75,1,-1
6/1/2023 13:15,null,14.38,46,36.81,879.59,38.33,37.49,924.55,22.26,36.33,830.5,22.62,35.87,12732.3,26.38,35.66,889.61,-22.39,36.3,832.47,12.74,37.76,876.66,21.37,37.9,874.73,3.48,37.18,875.66,11.9,37.63,868.34,0.75,36.85,2397.53,2.89,36.48,2451.12,0.55,36.3,2551.04,-1.13,37.85,2353.63,7.06,39.32,900.69,-26.24,37.35,986.93,-0.01,36.83,2329.71,0.1,36.44,2388.04,-0.2,-145.91,null,-0.14,36.19,2318.09,3.07,37.01,851.8,-9.94,37.16,869.43,204.1,-204.1,188,-188,306,-306,408.2,-408.2,282,-282,376,-376,164,-164,282,-246,-327.9,327.9,204.1,-204.1,306,-306,408.2,-408.2,5,7.5,10,-5,-7.5,-10,15,22.5,30,-15,-22.5,-30,15,22.5,30,-15,-22.5,-30,0,0.5,-0.5,0.75,-0.75,1,-1
6/1/2023 13:30,null,14.38,45.95,36.83,879.59,38.37,37.49,924.57,23.3,36.4,830.56,20.27,35.9,12732.3,6.46,35.83,889.49,-22.59,36.65,832.42,12.8,37.68,876.61,21.59,38.11,874.77,2.08,37.47,875.35,11.28,37.88,868.26,0.73,37.01,2397.11,2.87,36.75,2450.76,0.54,36.46,2550.82,-1.13,37.91,2353.47,5.99,39.59,900.65,-27.23,37.61,986.65,-0.01,36.89,2329.75,0.1,36.48,2388.01,-0.2,-146.18,null,-0.14,36.21,2318.22,5.74,37.16,852.24,-10.38,37.31,869.33,204.1,-204.1,188,-188,306,-306,408.2,-408.2,282,-282,376,-376,164,-164,282,-246,-327.9,327.9,204.1,-204.1,306,-306,408.2,-408.2,5,7.5,10,-5,-7.5,-10,15,22.5,30,-15,-22.5,-30,15,22.5,30,-15,-22.5,-30,0,0.5,-0.5,0.75,-0.75,1,-1
6/1/2023 13:45,null,14.38,46.75,37.01,879.71,39.1,37.82,924.67,24.69,36.66,830.65,39.06,36.2,12732.3,5.68,36.08,889.44,-22.64,36.87,832.37,11.98,37.91,876.51,21.68,38.42,874.78,0.67,37.87,875.13,11.49,38.22,868.29,0.72,37.27,2396.96,2.87,37.13,2450.67,0.54,36.74,2550.77,-1.15,38.25,2353,4.66,39.96,900.47,-27.35,37.99,986.47,-0.01,37.21,2329.74,0.1,36.52,2388.11,-0.2,-147.04,null,-0.13,36.26,2318.39,1.9,37.31,851.59,-9.85,37.46,869.24,204.1,-204.1,188,-188,306,-306,408.2,-408.2,282,-282,376,-376,164,-164,282,-246,-327.9,327.9,204.1,-204.1,306,-306,408.2,-408.2,5,7.5,10,-5,-7.5,-10,15,22.5,30,-15,-22.5,-30,15,22.5,30,-15,-22.5,-30,0,0.5,-0.5,0.75,-0.75,1,-1
6/1/2023 14:00,null,14.38,47.08,37.08,879.76,39.03,37.69,924.66,25.45,36.7,830.97,38.32,-16.4,12732.3,6.89,36.1,889.56,-22.12,37.04,832.91,13.42,38.22,876.57,23.05,38.68,875.05,1.28,38.03,875.21,13.08,38.42,868.9,0.73,37.35,2397.25,2.89,37.42,2450.95,0.57,36.9,2551.64,-1.2,38.43,2351.65,4.64,40.17,900.45,-26.28,38.18,986.45,-0.01,37.3,2329.78,0.1,36.65,2387.99,-0.2,-146.36,null,-0.13,36.39,2318.43,0.63,37.52,851.51,-11.02,37.54,869.1,204.1,-204.1,188,-188,306,-306,408.2,-408.2,282,-282,376,-376,164,-164,282,-246,-327.9,327.9,204.1,-204.1,306,-306,408.2,-408.2,5,7.5,10,-5,-7.5,-10,15,22.5,30,-15,-22.5,-30,15,22.5,30,-15,-22.5,-30,0,0.5,-0.5,0.75,-0.75,1,-1
6/1/2023 14:15,null,14.39,47.18,37.14,879.78,39.24,37.8,924.7,28.32,36.57,831.29,37.26,36.15,12732.3,7.77,36.15,889.7,-22.49,37.13,833.17,13.69,38.23,876.73,23.87,38.85,875.13,2.46,38.1,875.43,14.81,38.49,869.29,0.72,37.47,2396.84,2.88,37.33,2450.91,0.58,37.02,2551.72,-1.23,38.69,2351.14,4.19,40.5,900.4,-25.21,38.61,986.6,0,37.43,2329.78,0.1,37.03,2387.83,-0.2,-146.67,null,-0.12,36.72,2318.57,-0.08,37.72,851.53,-11.86,37.91,869.12,204.1,-204.1,188,-188,306,-306,408.2,-408.2,282,-282,376,-376,164,-164,282,-246,-327.9,327.9,204.1,-204.1,306,-306,408.2,-408.2,5,7.5,10,-5,-7.5,-10,15,22.5,30,-15,-22.5,-30,15,22.5,30,-15,-22.5,-30,0,0.5,-0.5,0.75,-0.75,1,-1
6/1/2023 14:30,null,14.38,47.41,37.09,879.81,39.82,37.98,924.78,29.15,36.96,831.5,36.63,36.4,12732.3,8.42,36.28,889.79,-22.48,37.21,833.57,14.77,38.23,876.81,30.03,38.9,875.13,3.82,37.92,875.67,16.74,38.32,869.76,0.72,37.44,2396.84,2.89,37.3,2451.06,0.59,37.07,2552.04,-1.26,40.32,2350.2,5.75,40.43,900.58,-24.65,38.52,987.06,0,37.54,2329.92,0.1,37.15,2387.85,-0.1,-146.3,null,-0.12,36.92,2318.69,-0.37,37.8,851.44,-11.77,37.98,869.15,204.1,-204.1,188,-188,306,-306,408.2,-408.2,282,-282,376,-376,164,-164,282,-246,-327.9,327.9,204.1,-204.1,306,-306,408.2,-408.2,5,7.5,10,-5,-7.5,-10,15,22.5,30,-15,-22.5,-30,15,22.5,30,-15,-22.5,-30,0,0.5,-0.5,0.75,-0.75,1,-1
6/1/2023 14:45,null,14.38,47.84,37.21,879.87,40.32,38.31,924.87,29.96,37.33,831.65,36.82,36.71,12732.3,8.78,36.53,889.87,-22.07,37.46,833.85,15.29,38.46,876.93,29.59,39.08,875.5,2.95,38.26,875.51,17.18,38.75,869.81,0.71,37.59,2396.64,2.89,37.56,2450.96,0.61,37.21,2552.49,-1.32,41.04,2348.68,6.43,40.67,900.64,-26.38,38.81,987.09,0,37.71,2329.98,0.1,37.19,2387.79,-0.1,-146.45,null,-0.11,36.94,2318.87,-0.42,37.87,851.47,-11.29,38,869.13,204.1,-204.1,188,-188,306,-306,408.2,-408.2,282,-282,376,-376,164,-164,282,-246,-327.9,327.9,204.1,-204.1,306,-306,408.2,-408.2,5,7.5,10,-5,-7.5,-10,15,22.5,30,-15,-22.5,-30,15,22.5,30,-15,-22.5,-30,0,0.5,-0.5,0.75,-0.75,1,-1
6/1/2023 15:00,null,14.38,47.6,37.15,879.84,40.18,38.09,924.83,33.5,37.26,831.96,39.22,36.59,12732.3,9.49,36.52,889.92,-22.07,37.59,834.14,15.5,38.54,876.96,31.72,39.3,875.81,3.54,38.24,893.63,18.54,38.73,869.91,0.69,37.73,2396.12,2.88,37.5,2450.91,0.61,37.33,2552.44,-1.35,41.65,2348.07,7.51,40.66,900.85,-26.03,38.79,987.47,0.01,37.78,2330.08,0.1,37.3,2387.67,-0.1,-147.17,null,-0.11,37.14,2318.95,-0.44,37.93,851.48,-10.96,38.08,869.14,204.1,-204.1,188,-188,306,-306,408.2,-408.2,282,-282,376,-376,164,-164,282,-246,-327.9,327.9,204.1,-204.1,306,-306,408.2,-408.2,5,7.5,10,-5,-7.5,-10,15,22.5,30,-15,-22.5,-30,15,22.5,30,-15,-22.5,-30,0,0.5,-0.5,0.75,-0.75,1,-1
6/1/2023 15:15,null,14.38,47.77,37.15,879.86,40.34,38.23,924.87,33.33,37.29,832.09,20.33,36.59,12732.3,9.92,36.52,889.94,-22.22,37.4,834.4,16.27,38.49,877.04,32.93,39.27,876.05,4.29,38.22,875.71,19.83,38.69,870.15,0.67,37.85,2395.49,2.88,37.54,2450.81,0.61,37.3,2552.49,-1.36,41.76,2347.61,9.18,40.62,900.91,-26.34,38.68,987.83,0.01,37.77,2330.17,0.1,37.25,2387.66,-0.1,-146.09,null,-0.1,37.13,2319.13,-0.16,37.88,851.49,-10.34,38.02,869.32,204.1,-204.1,188,-188,306,-306,408.2,-408.2,282,-282,376,-376,164,-164,282,-246,-327.9,327.9,204.1,-204.1,306,-306,408.2,-408.2,5,7.5,10,-5,-7.5,-10,15,22.5,30,-15,-22.5,-30,15,22.5,30,-15,-22.5,-30,0,0.5,-0.5,0.75,-0.75,1,-1
6/1/2023 15:30,null,14.38,47.92,37.2,879.89,40.5,38.35,924.89,33.3,37.51,832.08,39.28,36.79,12732.3,9.84,36.57,889.97,-22.28,37.55,834.45,16.41,38.68,877.03,34.47,39.39,876.36,4,38.22,875.67,20.57,38.71,870.23,0.64,37.82,2394.81,2.87,37.63,2450.51,0.61,37.39,2552.5,-1.39,41.94,2346.88,8.49,40.81,900.97,-26.65,38.81,987.95,0.01,37.87,2330.23,0.1,37.43,2387.47,-0.1,-147.21,null,-0.1,37.27,2319.24,-0.16,37.99,851.37,-10.31,38.12,869.3,204.1,-204.1,188,-188,306,-306,408.2,-408.2,282,-282,376,-376,164,-164,282,-246,-327.9,327.9,204.1,-204.1,306,-306,408.2,-408.2,5,7.5,10,-5,-7.5,-10,15,22.5,30,-15,-22.5,-30,15,22.5,30,-15,-22.5,-30,0,0.5,-0.5,0.75,-0.75,1,-1
6/1/2023 15:45,null,14.39,47.76,37.15,879.86,40.31,38.13,924.86,35.71,37.27,832.39,38.24,36.73,12732.3,10.16,36.56,889.94,-20.07,37.4,834.43,17.19,38.41,877.15,35.11,39.42,876.49,4.21,38.16,875.7,21.67,38.62,870.34,0.61,37.64,2394.37,2.85,37.44,2450.09,0.6,37.37,2552.34,-1.4,42.06,2346.64,10.02,40.66,901.08,-27.4,38.58,988.33,0.02,37.82,2330.39,0.1,37.44,2387.43,-0.1,-147.14,null,-0.09,37.33,2319.35,-0.43,37.91,851.44,-10.05,38.06,869.43,204.1,-204.1,188,-188,306,-306,408.2,-408.2,282,-282,376,-376,164,-164,282,-246,-327.9,327.9,204.1,-204.1,306,-306,408.2,-408.2,5,7.5,10,-5,-7.5,-10,15,22.5,30,-15,-22.5,-30,15,22.5,30,-15,-22.5,-30,0,0.5,-0.5,0.75,-0.75,1,-1
6/1/2023 16:00,null,14.38,47.66,36.96,879.84,40.3,38.25,924.86,35.12,37.41,832.31,36.82,36.68,12732.3,8.57,36.58,889.81,-20.23,37.42,834.09,15.36,38.69,876.95,34.49,39.56,876.35,2.72,38.13,875.43,19.14,38.58,870.08,0.58,37.76,2393.2,2.82,37.58,2449.4,0.58,37.49,2551.81,-1.41,41.44,2346.24,9.5,40.74,901.14,-26.96,38.76,988.32,0.02,38.01,2330.45,0.1,37.51,2387.38,-0.1,-146.97,null,-0.09,37.43,2319.46,-0.28,38.01,851.41,-10.41,38.2,869.34,204.1,-204.1,188,-188,306,-306,408.2,-408.2,282,-282,376,-376,164,-164,282,-246,-327.9,327.9,204.1,-204.1,306,-306,408.2,-408.2,5,7.5,10,-5,-7.5,-10,15,22.5,30,-15,-22.5,-30,15,22.5,30,-15,-22.5,-30,0,0.5,-0.5,0.75,-0.75,1,-1
6/1/2023 16:15,null,14.39,47.83,37.09,879.87,40.58,38.18,924.9,33.79,37.6,832.16,38.02,36.78,12732.3,8.03,36.56,889.72,-20.52,37.37,833.74,15.3,38.65,877.11,34.09,39.53,876.29,2.41,38.03,875.41,17.97,38.4,869.88,0.56,37.89,2392.7,2.81,37.47,2449.21,0.57,37.49,2551.68,-1.39,41.51,2346.85,10.34,40.59,901.15,-26.83,38.61,988.46,0.03,37.87,2330.57,0.1,37.4,2387.45,-0.1,-146.64,null,-0.08,37.37,2319.6,-0.28,37.84,851.61,-9.82,37.98,869.47,204.1,-204.1,188,-188,306,-306,408.2,-408.2,282,-282,376,-376,164,-164,282,-246,-327.9,327.9,204.1,-204.1,306,-306,408.2,-408.2,5,7.5,10,-5,-7.5,-10,15,22.5,30,-15,-22.5,-30,15,22.5,30,-15,-22.5,-30,0,0.5,-0.5,0.75,-0.75,1,-1
6/1/2023 16:30,null,14.38,47.78,37.1,879.87,40.49,38.26,924.89,32.16,37.65,831.95,36.17,36.85,12732.4,7.26,36.5,889.79,-20.62,37.17,833.43,15.19,38.49,876.93,33.54,39.37,876.13,2.2,37.68,875.38,16.6,38.12,869.73,0.51,37.66,2391.51,2.78,37.41,2448.23,0.55,37.41,2551.02,-1.36,41.03,2347.66,10.39,40.35,901.08,-27.35,38.44,988.46,0.03,37.75,2330.68,0.1,37.32,2387.47,-0.1,-146.54,null,-0.08,37.34,2319.71,-0.07,37.72,851.55,-9.46,37.85,869.49,204.1,-204.1,188,-188,306,-306,408.2,-408.2,282,-282,376,-376,164,-164,282,-246,-327.9,327.9,204.1,-204.1,306,-306,408.2,-408.2,5,7.5,10,-5,-7.5,-10,15,22.5,30,-15,-22.5,-30,15,22.5,30,-15,-22.5,-30,0,0.5,-0.5,0.75,-0.75,1,-1
6/1/2023 16:45,null,14.39,47.42,37.02,879.82,40.14,37.99,924.84,31.63,37.42,831.9,37.3,36.68,12732.4,6.25,36.45,889.5,-20.56,37.23,833.11,14.36,38.27,876.8,32.17,39.26,875.91,0.5,37.74,875.1,14.92,38.21,869.3,0.47,37.51,2390.53,2.74,37.47,2447.32,0.51,37.41,2550.13,-1.32,40.62,2348.64,8.87,40.32,901.01,-26.93,38.47,988.28,0.03,37.78,2330.75,0.1,37.33,2387.45,-0.1,-147.14,null,-0.08,37.35,2319.8,0.29,37.65,851.47,-9.45,37.85,869.5,204.1,-204.1,188,-188,306,-306,408.2,-408.2,282,-282,376,-376,164,-164,282,-246,-327.9,327.9,204.1,-204.1,306,-306,408.2,-408.2,5,7.5,10,-5,-7.5,-10,15,22.5,30,-15,-22.5,-30,15,22.5,30,-15,-22.5,-30,0,0.5,-0.5,0.75,-0.75,1,-1
6/1/2023 17:00,null,14.38,46.86,36.84,879.73,39.59,37.69,924.75,31.12,37.06,831.86,87.72,36.46,12732.4,6.45,36.34,889.49,-20.65,37.07,832.89,13.99,38.17,876.74,30.91,39.04,875.63,0.33,37.31,875.08,14.34,37.75,868.82,0.44,37.55,2389.54,2.71,37.34,2446.59,0.48,37.36,2549.41,-1.29,40.38,2349.6,8.79,40.18,900.91,-27.14,38.36,988.26,0.04,37.51,2330.89,0.1,37.19,2387.55,-0.1,-146.64,null,-0.07,37.26,2319.91,1.17,37.51,851.62,-9.13,37.61,869.52,204.1,-204.1,188,-188,306,-306,408.2,-408.2,282,-282,376,-376,164,-164,282,-246,-327.9,327.9,204.1,-204.1,306,-306,408.2,-408.2,5,7.5,10,-5,-7.5,-10,15,22.5,30,-15,-22.5,-30,15,22.5,30,-15,-22.5,-30,0,0.5,-0.5,0.75,-0.75,1,-1
6/1/2023 17:15,null,14.38,46.46,36.73,879.67,39.03,37.4,924.66,29.67,36.94,831.75,38.25,36.37,12732.4,6.01,36.28,889.46,-20.5,37.06,832.74,12.89,38.01,876.62,29.11,38.94,875.41,-0.49,37.32,874.96,12.55,37.64,868.5,0.41,37.47,2388.8,2.68,37.32,2445.83,0.45,37.28,2548.73,-1.24,40.17,2350.76,7.64,40.05,900.76,-26.7,38.23,988.14,0.04,37.35,2330.94,0.1,37.1,2387.6,-0.1,-145.94,null,-0.07,37.17,2320.01,2.72,37.4,851.64,-8.65,37.53,869.42,204.1,-204.1,188,-188,306,-306,408.2,-408.2,282,-282,376,-376,164,-164,282,-246,-327.9,327.9,204.1,-204.1,306,-306,408.2,-408.2,5,7.5,10,-5,-7.5,-10,15,22.5,30,-15,-22.5,-30,15,22.5,30,-15,-22.5,-30,0,0.5,-0.5,0.75,-0.75,1,-1
6/1/2023 17:30,null,14.38,46.07,36.55,879.61,38.64,37.22,924.6,28.3,36.84,831.26,24.32,36.29,12732.4,5.5,36.19,889.37,-20.22,36.8,832.49,11.81,37.93,876.47,26.77,38.79,875.13,-1.65,37.19,878.22,10.47,37.65,868.51,0.37,37.32,2387.97,2.64,37.13,2445,0.41,37.19,2547.8,-1.18,39.68,2352.37,6.43,39.9,900.68,-27.09,38.06,987.88,0.04,37.2,2330.9,0.1,36.96,2387.7,-0.1,-146.48,null,-0.06,36.97,2320.14,3.41,37.29,851.71,-8.73,37.36,869.52,204.1,-204.1,188,-188,306,-306,408.2,-408.2,282,-282,376,-376,164,-164,282,-246,-327.9,327.9,204.1,-204.1,306,-306,408.2,-408.2,5,7.5,10,-5,-7.5,-10,15,22.5,30,-15,-22.5,-30,15,22.5,30,-15,-22.5,-30,0,0.5,-0.5,0.75,-0.75,1,-1
6/1/2023 17:45,null,14.39,45.52,36.41,879.52,37.61,36.85,924.47,26.53,36.76,830.92,22.78,36.18,12732.3,5.09,36.11,889.28,-20.26,36.82,832.35,10.94,37.6,876.34,26.58,38.44,875.19,-3.33,37.13,874.6,7.13,37.52,868.07,0.35,37.18,2387.55,2.64,37.07,2444.58,0.39,37.11,2547.71,-1.19,38.95,2353.05,4.69,39.8,900.42,-27.02,37.88,987.44,0.04,37.35,2330.92,0.1,36.86,2387.8,-0.1,-147.14,null,-0.06,36.98,2320.16,3.3,37.19,851.78,-8.91,37.24,869.54,204.1,-204.1,188,-188,306,-306,408.2,-408.2,282,-282,376,-376,164,-164,282,-246,-327.9,327.9,204.1,-204.1,306,-306,408.2,-408.2,5,7.5,10,-5,-7.5,-10,15,22.5,30,-15,-22.5,-30,15,22.5,30,-15,-22.5,-30,0,0.5,-0.5,0.75,-0.75,1,-1
6/1/2023 18:00,null,14.38,45.24,36.28,879.48,37.25,36.7,924.41,23.76,36.63,830.63,22.26,36.11,12732.3,4.54,36.05,889.2,-20.27,36.6,832.12,9.85,37.42,876.11,23.22,38.29,874.95,-4.57,37.06,874.42,3.17,37.48,867.66,0.33,36.98,2386.75,2.58,37.05,2443.49,0.35,37,2546.29,-1.05,38.35,2355.68,3.61,39.65,900.28,-12.12,37.98,987.04,0.04,37.1,2330.93,0.1,36.84,2387.89,-0.1,-146.27,null,-0.06,37.06,2320.22,4.42,37.07,851.91,-8.34,37.14,869.55,204.1,-204.1,188,-188,306,-306,408.2,-408.2,282,-282,376,-376,164,-164,282,-246,-327.9,327.9,204.1,-204.1,306,-306,408.2,-408.2,5,7.5,10,-5,-7.5,-10,15,22.5,30,-15,-22.5,-30,15,22.5,30,-15,-22.5,-30,0,0.5,-0.5,0.75,-0.75,1,-1
6/1/2023 18:15,null,14.38,44.98,36.22,879.45,36.98,36.57,924.37,21.99,36.59,830.42,22.28,36.03,12732.3,4.44,35.97,889.16,-20.22,36.51,831.99,9.11,37.26,875.99,21,38.06,874.7,-5.55,36.99,874.26,0.59,37.46,867.32,0.3,36.84,2386.01,2.56,36.9,2442.83,0.32,36.84,2545.58,-0.98,37.76,2357.36,2.63,39.46,900.2,-27.48,37.74,986.7,0.04,36.9,2330.91,0.1,36.7,2388.02,-0.1,-146.39,null,-0.06,36.96,2320.26,5.36,36.96,852.02,-8.08,36.99,869.55,204.1,-204.1,188,-188,306,-306,408.2,-408.2,282,-282,376,-376,164,-164,282,-246,-327.9,327.9,204.1,-204.1,306,-306,408.2,-408.2,5,7.5,10,-5,-7.5,-10,15,22.5,30,-15,-22.5,-30,15,22.5,30,-15,-22.5,-30,0,0.5,-0.5,0.75,-0.75,1,-1
6/1/2023 18:30,null,14.39,44.43,36.1,879.37,36.11,36.38,924.26,20.58,36.42,830.26,23.17,35.93,12732.3,4.63,35.85,889.14,-9.85,36.44,831.83,8.23,37.16,875.88,18.55,37.91,874.26,-6.33,36.86,874.1,-0.11,37.49,867.09,0.28,36.69,2385.49,2.53,36.7,2442.29,0.29,36.64,2544.92,-0.92,37.41,2358.94,2.28,39.28,900.14,-28.4,37.54,986.45,0.04,36.8,2330.97,0.1,36.59,2388.11,-0.1,-146.54,null,-0.06,36.89,2320.36,5.6,36.98,852.1,-7.65,36.89,869.67,204.1,-204.1,188,-188,306,-306,408.2,-408.2,282,-282,376,-376,164,-164,282,-246,-327.9,327.9,204.1,-204.1,306,-306,408.2,-408.2,5,7.5,10,-5,-7.5,-10,15,22.5,30,-15,-22.5,-30,15,22.5,30,-15,-22.5,-30,0,0.5,-0.5,0.75,-0.75,1,-1
6/1/2023 18:45,null,14.38,43.98,35.97,879.3,35.75,36.24,924.2,19.03,36.3,830.02,23.49,35.84,12732.3,4.45,35.78,889.17,-20.22,36.28,835,7.82,36.85,875.83,15.75,37.59,873.95,-6.66,36.76,874.06,-2.53,37.21,866.87,0.26,36.57,2384.94,2.51,36.52,2441.75,0.26,36.43,2544.29,-0.86,36.88,2360.52,0.92,39.06,899.92,-13.12,37.33,986.3,0.04,36.71,2331.01,0.1,36.45,2388.21,-0.1,-146.33,null,-0.05,36.68,2320.43,4.54,37.25,851.92,-7.26,36.69,869.78,204.1,-204.1,188,-188,306,-306,408.2,-408.2,282,-282,376,-376,164,-164,282,-246,-327.9,327.9,204.1,-204.1,306,-306,408.2,-408.2,5,7.5,10,-5,-7.5,-10,15,22.5,30,-15,-22.5,-30,15,22.5,30,-15,-22.5,-30,0,0.5,-0.5,0.75,-0.75,1,-1
6/1/2023 19:00,null,14.38,43.71,35.87,879.26,35.5,36.24,924.16,17.94,36.22,829.81,23.04,35.75,12732.3,3.62,35.66,889.13,-20.27,36.12,831.61,7.67,36.5,875.74,14.79,37.23,873.71,-6.75,36.49,874.04,-3.12,37.05,866.75,0.24,36.29,2384.25,2.48,36.27,2441.08,0.23,36.22,2543.52,-0.8,36.83,2362.03,0.3,38.79,899.8,-27.71,37.07,986.05,0.04,36.64,2331.06,0.1,36.25,2388.38,-0.1,-145.88,null,-0.05,36.41,2320.52,4.51,37.31,851.93,-6.58,36.48,869.86,204.1,-204.1,188,-188,306,-306,408.2,-408.2,282,-282,376,-376,164,-164,282,-246,-327.9,327.9,204.1,-204.1,306,-306,408.2,-408.2,5,7.5,10,-5,-7.5,-10,15,22.5,30,-15,-22.5,-30,15,22.5,30,-15,-22.5,-30,0,0.5,-0.5,0.75,-0.75,1,-1
6/1/2023 19:15,null,14.38,43.92,35.93,879.29,35.54,36.27,924.17,16.8,36.07,829.62,20.37,35.71,12732.3,3.27,35.51,889.05,-20.48,36.04,831.49,6.4,36.28,875.66,13.47,36.98,873.33,-6.22,36.29,873.95,-3.49,36.78,866.68,0.21,36.1,2383.77,2.46,36.07,2440.54,0.21,36,2542.94,-0.74,36.43,2363.39,-0.34,38.41,899.7,-28.12,36.76,985.88,0.05,36.24,2331.06,0.1,35.74,2388.68,-0.1,-145.69,null,-0.13,34.62,2320.64,6.72,36.99,852.22,-6.22,36.32,869.92,204.1,-204.1,188,-188,306,-306,408.2,-408.2,282,-282,376,-376,164,-164,282,-246,-327.9,327.9,204.1,-204.1,306,-306,408.2,-408.2,5,7.5,10,-5,-7.5,-10,15,22.5,30,-15,-22.5,-30,15,22.5,30,-15,-22.5,-30,0,0.5,-0.5,0.75,-0.75,1,-1
6/1/2023 19:30,null,14.38,43.93,35.88,879.29,34.66,36.03,924.05,16.32,36.03,829.49,20.22,35.66,12732.3,3.34,35.33,889.04,-20.04,35.86,831.5,6.58,36.11,875.55,12.33,36.82,873,-7.29,36.14,874.04,-3.96,36.58,866.65,0.19,35.99,2383.04,2.43,35.99,2439.75,0.18,35.77,2542.17,-0.69,36.21,2364.73,0.27,38.03,899.72,-28.13,36.37,985.74,0.05,35.93,2331.09,0.1,35.36,2388.84,-0.1,-145.58,null,-0.05,35.55,2320.57,9.85,36.64,852.61,-5.63,35.94,869.93,204.1,-204.1,188,-188,306,-306,408.2,-408.2,282,-282,376,-376,164,-164,282,-246,-327.9,327.9,204.1,-204.1,306,-306,408.2,-408.2,5,7.5,10,-5,-7.5,-10,15,22.5,30,-15,-22.5,-30,15,22.5,30,-15,-22.5,-30,0,0.5,-0.5,0.75,-0.75,1,-1
6/1/2023 19:45,null,14.38,43.41,35.79,879.21,33.24,35.7,923.82,15.76,35.79,829.44,20.33,35.49,12732.3,3.77,35.06,889.11,-9.35,35.51,831.44,4.74,35.74,875.36,11.19,36.41,872.78,-7.23,35.79,873.9,-4.31,36.14,866.6,0.15,35.58,2382.14,2.4,35.76,2438.88,0.14,35.51,2541.31,-0.62,36.01,2366.41,-2.11,37.74,899.45,-3.2,35.96,989.41,0.04,35.77,2331.02,0.1,35.08,2388.99,-0.1,-145.33,null,-0.04,35.13,2320.68,11.55,36.21,853.25,-5.23,35.62,869.95,204.1,-204.1,188,-188,306,-306,408.2,-408.2,282,-282,376,-376,164,-164,282,-246,-327.9,327.9,204.1,-204.1,306,-306,408.2,-408.2,5,7.5,10,-5,-7.5,-10,15,22.5,30,-15,-22.5,-30,15,22.5,30,-15,-22.5,-30,0,0.5,-0.5,0.75,-0.75,1,-1
6/1/2023 20:00,null,14.38,43.31,35.74,879.2,33.35,35.56,923.85,14.54,35.72,829.3,29.37,35.42,12732.3,3.31,34.97,889.01,-20.34,35.28,831.22,3.66,35.55,875.22,9.61,36.29,872.5,-8.1,35.63,873.82,-5.31,35.88,866.45,0.13,35.34,2381.44,2.37,35.76,2438.22,0.11,35.46,2540.58,-0.57,35.94,2367.69,-3.87,37.68,899.23,-27.12,35.99,1117.48,0.04,35.68,2330.94,0.1,35.07,2389.02,-0.1,-145.05,null,-0.05,35.01,2320.56,12.3,36.04,853.26,-5.34,35.47,869.95,204.1,-204.1,188,-188,306,-306,408.2,-408.2,282,-282,376,-376,164,-164,282,-246,-327.9,327.9,204.1,-204.1,306,-306,408.2,-408.2,5,7.5,10,-5,-7.5,-10,15,22.5,30,-15,-22.5,-30,15,22.5,30,-15,-22.5,-30,0,0.5,-0.5,0.75,-0.75,1,-1
6/1/2023 20:15,null,14.38,43.64,35.77,879.24,32.39,35.56,923.67,13.85,35.59,829.24,29.24,35.31,12732.3,2.99,34.76,888.97,-9.32,35.2,834.51,3.17,35.39,875.15,8.43,35.91,872.39,-7.86,35.38,873.84,-5.57,35.68,866.33,0.1,35.31,2380.89,2.35,35.51,2437.71,0.09,35.32,2540.05,-0.53,35.6,2368.87,-3.83,37.34,899.25,-31.99,35.61,1142.84,0.04,35.4,2330.97,0.1,34.79,2389.22,-0.1,-145.13,null,-0.13,34.62,2320.52,13.43,35.77,853.56,-5,35.26,870.01,204.1,-204.1,188,-188,306,-306,408.2,-408.2,282,-282,376,-376,164,-164,282,-246,-327.9,327.9,204.1,-204.1,306,-306,408.2,-408.2,5,7.5,10,-5,-7.5,-10,15,22.5,30,-15,-22.5,-30,15,22.5,30,-15,-22.5,-30,0,0.5,-0.5,0.75,-0.75,1,-1
6/1/2023 20:30,null,14.38,42.87,35.51,879.14,31.42,35.19,923.26,13.19,35.43,829.23,29.4,35.19,12732.3,3.32,34.5,889.07,-8.44,34.84,834.57,2.59,35.15,875,7.19,35.71,872.21,-8.74,35.08,873.75,-5.87,35.41,866.18,0.08,34.97,2380.26,2.33,35.28,2437.1,0.06,35.11,2539.44,-0.48,35.41,2370.05,-4.7,37.12,899.12,-27.8,35.4,992.84,0.04,35.28,2330.95,0.2,34.59,2389.3,-0.1,-144.59,null,-0.05,34.53,2320.51,14.56,35.53,853.5,-4.63,35,870.1,204.1,-204.1,188,-188,306,-306,408.2,-408.2,282,-282,376,-376,164,-164,282,-246,-327.9,327.9,204.1,-204.1,306,-306,408.2,-408.2,5,7.5,10,-5,-7.5,-10,15,22.5,30,-15,-22.5,-30,15,22.5,30,-15,-22.5,-30,0,0.5,-0.5,0.75,-0.75,1,-1
6/1/2023 20:45,null,14.37,41.7,35.21,878.98,29.69,34.75,923.06,12.74,35.21,829.16,28.43,35,12732.3,3.68,34.24,889.08,-8.42,34.48,844.56,3.03,34.8,875.04,6.37,35.38,872.17,-8.16,34.9,873.82,-6.08,35.07,866.27,0.06,34.9,2379.56,2.3,35.24,2436.33,0.03,34.9,2538.76,-0.42,35.03,2371.48,-4.43,36.78,899.17,57.52,34.98,1037.99,0.04,35.07,2330.87,0.2,34.56,2389.36,-0.1,-144.51,null,-0.05,34.11,2320.5,16.06,35.25,853.55,-4.29,34.68,870.17,204.1,-204.1,188,-188,306,-306,408.2,-408.2,282,-282,376,-376,164,-164,282,-246,-327.9,327.9,204.1,-204.1,306,-306,408.2,-408.2,5,7.5,10,-5,-7.5,-10,15,22.5,30,-15,-22.5,-30,15,22.5,30,-15,-22.5,-30,0,0.5,-0.5,0.75,-0.75,1,-1
6/1/2023 21:00,null,14.37,41.8,35.17,878.99,29.58,34.73,923.06,12.03,35.15,829.03,27.1,34.9,12732.3,2.57,34.11,888.95,-6.85,34.43,831.1,1.91,34.7,874.86,4.71,35.24,872.21,-9.51,34.65,873.65,-7.02,34.98,865.8,0.03,34.65,2379.1,2.28,34.9,2435.94,0.01,34.67,2538.29,-0.39,34.92,2372.36,-5.43,36.63,898.95,-27.11,34.96,1220.14,0.04,34.94,2330.88,0.1,34.27,2389.51,-0.1,-144.35,null,-0.06,34.14,2320.29,18.83,35.16,853.68,-4.26,34.6,870.18,204.1,-204.1,188,-188,306,-306,408.2,-408.2,282,-282,376,-376,164,-164,282,-246,-327.9,327.9,204.1,-204.1,306,-306,408.2,-408.2,5,7.5,10,-5,-7.5,-10,15,22.5,30,-15,-22.5,-30,15,22.5,30,-15,-22.5,-30,0,0.5,-0.5,0.75,-0.75,1,-1
6/1/2023 21:15,null,14.38,33.89,34.87,877.91,32.45,34.76,923.69,19.26,32.91,830.02,32.21,32.92,906.24,11.88,32.86,890.26,-6.4,33.14,832.25,20.24,34.54,877.48,20.94,34.11,874.68,8.64,33.62,876.32,7.07,33.46,868.11,0.56,34.02,2392.61,2.7,34.24,2446.3,0.36,33.22,2546.5,-0.55,33.9,2368.43,5.94,35.58,900.74,-0.88,33.56,986.17,-0.1,33.79,2327.06,0.1,33.16,2390.85,-0.1,-143.68,null,-0.19,32.88,2316.87,22.67,33.39,854.68,4.68,33.58,871.4,204.1,-204.1,188,-188,306,-306,408.2,-408.2,282,-282,376,-376,164,-164,282,-246,-327.9,327.9,204.1,-204.1,306,-306,408.2,-408.2,5,7.5,10,-5,-7.5,-10,15,22.5,30,-15,-22.5,-30,15,22.5,30,-15,-22.5,-30,0,0.5,-0.5,0.75,-0.75,1,-1
6/1/2023 21:30,null,14.38,35.41,35.42,878.09,34.35,35.21,924,17.87,33.36,829.79,33.2,33.29,906.3,10.02,33.27,889.99,-7.59,33.66,832.1,17.58,34.91,877.28,19.05,34.66,874.42,6.37,34.15,882.94,5.89,34.03,867.91,0.6,34.11,2393.94,2.75,34.58,2447.72,0.4,33.59,2547.59,-0.62,34.45,2366.44,4.5,36.13,900.43,-2.25,34.08,1009.71,-0.11,34.14,2327.01,0.1,33.55,2390.66,-0.1,-143.47,null,-0.19,33.22,2316.86,21.69,33.83,854.65,2.45,34.02,871.13,204.1,-204.1,188,-188,306,-306,408.2,-408.2,282,-282,376,-376,164,-164,282,-246,-327.9,327.9,204.1,-204.1,306,-306,408.2,-408.2,5,7.5,10,-5,-7.5,-10,15,22.5,30,-15,-22.5,-30,15,22.5,30,-15,-22.5,-30,0,0.5,-0.5,0.75,-0.75,1,-1
6/1/2023 21:45,null,14.38,36.13,35.55,878.19,35.82,35.58,924.21,18.77,33.59,829.92,34.68,33.54,906.54,8.46,33.75,889.77,-7.83,34.07,832.04,16.92,35.37,877.13,23.08,35.07,874.49,5.52,34.58,875.89,6.38,34.54,867.99,0.67,34.72,2395.46,2.82,34.94,2449.29,0.47,33.93,2549.23,-0.72,34.89,2363.92,4.45,36.58,900.39,-1.43,34.38,986.07,-0.11,34.71,2326.92,0.1,34.13,2390.42,-0.1,-143.68,null,-0.19,33.6,2316.88,22.21,34.28,854.6,0.78,34.47,870.83,204.1,-204.1,188,-188,306,-306,408.2,-408.2,282,-282,376,-376,164,-164,282,-246,-327.9,327.9,204.1,-204.1,306,-306,408.2,-408.2,5,7.5,10,-5,-7.5,-10,15,22.5,30,-15,-22.5,-30,15,22.5,30,-15,-22.5,-30,0,0.5,-0.5,0.75,-0.75,1,-1
6/1/2023 22:00,null,14.38,37,35.87,878.3,36.84,35.95,924.36,19.95,33.76,830.12,35.77,33.78,906.62,9.52,34.04,889.91,-6.1,34.6,832.31,17.53,35.7,877.21,21.64,35.38,874.77,5.1,34.97,876.21,7.68,34.96,868.13,0.76,34.95,2397.94,2.91,35.27,2451.64,0.57,34.24,2551.57,-0.85,35.19,2360.66,5.19,36.93,900.76,-0.32,34.78,986.26,-0.11,35.06,2326.99,0.1,34.38,2390.29,-0.1,-144.59,null,-0.18,34.15,2316.93,21.07,34.63,854.13,-0.24,34.84,870.74,204.1,-204.1,188,-188,306,-306,408.2,-408.2,282,-282,376,-376,164,-164,282,-246,-327.9,327.9,204.1,-204.1,306,-306,408.2,-408.2,5,7.5,10,-5,-7.5,-10,15,22.5,30,-15,-22.5,-30,15,22.5,30,-15,-22.5,-30,0,0.5,-0.5,0.75,-0.75,1,-1
6/1/2023 22:15,null,14.38,38.12,36.05,878.46,38.21,36.34,924.55,19.31,34.26,830.02,36.85,34.08,906.78,8.5,34.43,889.8,-6.73,34.88,832.19,16.46,36.23,877.05,21.25,35.93,874.72,3.93,35.43,875.66,7.5,35.42,868.16,0.77,35.34,2398.1,2.92,35.58,2451.93,0.59,34.6,2552.08,-0.9,35.78,2359.37,4.78,37.34,900.4,0,35.23,986.3,-0.11,35.43,2327.02,0.1,34.52,2390.23,-0.1,-144.68,null,-0.18,34.49,2316.97,17.57,35.04,853.7,-1.84,35.28,870.45,204.1,-204.1,188,-188,306,-306,408.2,-408.2,282,-282,376,-376,164,-164,282,-246,-327.9,327.9,204.1,-204.1,306,-306,408.2,-408.2,5,7.5,10,-5,-7.5,-10,15,22.5,30,-15,-22.5,-30,15,22.5,30,-15,-22.5,-30,0,0.5,-0.5,0.75,-0.75,1,-1
6/1/2023 22:30,null,14.38,39.08,36.4,878.61,39.35,36.71,924.71,19.52,34.49,830.05,13.53,34.32,907.51,8.8,34.63,889.84,-5.63,35.17,832.4,15.69,36.55,877,21.16,36.37,874.71,3.39,35.82,875.58,8.22,35.83,868.03,0.79,35.64,2398.57,2.94,35.96,2452.44,0.63,34.89,2552.96,-0.97,36.29,2357.61,4.29,37.81,900.35,0,35.71,986.5,-0.11,35.79,2327.04,0.1,35.1,2389.91,-0.1,-144.75,null,-0.18,34.83,2317.02,13.42,35.55,853.48,-3.77,35.81,870.25,204.1,-204.1,188,-188,306,-306,408.2,-408.2,282,-282,376,-376,164,-164,282,-246,-327.9,327.9,204.1,-204.1,306,-306,408.2,-408.2,5,7.5,10,-5,-7.5,-10,15,22.5,30,-15,-22.5,-30,15,22.5,30,-15,-22.5,-30,0,0.5,-0.5,0.75,-0.75,1,-1
6/1/2023 22:45,null,14.38,40.93,36.84,878.87,39.79,36.94,924.77,20.51,34.8,830.22,27.22,34.69,907.16,8.46,35.11,889.75,-5.39,35.67,832.42,15.24,37.17,876.92,21.33,36.93,874.73,2.79,36.24,875.7,8.91,36.24,868.08,0.85,36.02,2400.17,3.01,36.19,2454.12,0.69,35.37,2554.47,-1.07,36.85,2355.06,3.8,38.38,900.31,0.4,36.3,986.34,-0.1,36.04,2327.06,0.1,35.44,2389.75,-0.1,-145.2,null,-0.18,35.26,2317.09,11.78,35.97,853.14,-5.07,36.2,869.99,204.1,-204.1,188,-188,306,-306,408.2,-408.2,282,-282,376,-376,164,-164,282,-246,-327.9,327.9,204.1,-204.1,306,-306,408.2,-408.2,5,7.5,10,-5,-7.5,-10,15,22.5,30,-15,-22.5,-30,15,22.5,30,-15,-22.5,-30,0,0.5,-0.5,0.75,-0.75,1,-1
6/1/2023 23:00,null,14.38,43.04,37.22,879.16,40.82,37.65,924.92,21.79,35.25,830.4,34.1,35.06,907.93,9.75,35.59,889.92,-4.22,36.3,832.56,16.18,37.48,877.06,22.53,37.34,874.8,3.35,36.66,875.74,10.4,36.89,868.5,0.99,36.55,2403.86,3.16,36.74,2457.95,0.86,35.78,2558.54,-1.27,37.27,2349.95,5.21,38.84,900.47,1.33,36.67,986.52,-0.1,36.51,2327.15,-0.1,35.81,2389.32,-0.1,-145.13,null,-0.16,35.83,2317.47,11.08,36.42,853,-5.58,36.67,869.94,204.1,-204.1,188,-188,306,-306,408.2,-408.2,282,-282,376,-376,164,-164,282,-246,-327.9,327.9,204.1,-204.1,306,-306,408.2,-408.2,5,7.5,10,-5,-7.5,-10,15,22.5,30,-15,-22.5,-30,15,22.5,30,-15,-22.5,-30,0,0.5,-0.5,0.75,-0.75,1,-1
6/1/2023 23:15,null,14.38,45.37,37.47,879.51,41.15,37.87,924.95,21.96,35.66,830.49,47.24,35.18,908.3,9.21,36.02,889.89,-3.12,36.63,832.78,17.22,37.89,877.03,22.65,37.82,874.79,3.19,37.09,875.53,11.05,37.19,868.26,1.02,37.01,2404.7,3.19,36.95,2458.66,0.88,36.19,2559.04,-1.32,37.72,2348.66,5.9,39.19,900.79,2.96,37.02,987.07,-0.09,36.71,2327.5,-0.1,36.26,2389.01,-0.2,-146.18,null,-0.16,36.3,2317.46,9.86,36.8,852.59,-6.94,37.1,869.82,204.1,-204.1,188,-188,306,-306,408.2,-408.2,282,-282,376,-376,164,-164,282,-246,-327.9,327.9,204.1,-204.1,306,-306,408.2,-408.2,5,7.5,10,-5,-7.5,-10,15,22.5,30,-15,-22.5,-30,15,22.5,30,-15,-22.5,-30,0,0.5,-0.5,0.75,-0.75,1,-1
6/1/2023 23:30,null,14.38,46.21,37.62,879.63,41.57,38.11,924.98,22.14,35.87,830.45,25.25,35.58,908.48,6.96,36.53,889.59,-5.12,37.3,832.46,15.57,38.23,877,22.36,38.26,874.77,2.17,37.41,876.8,10.9,37.74,868.48,1.02,37.46,2404.94,3.19,37.47,2458.76,0.89,36.51,2559.33,-1.36,38.12,2347.8,5.31,39.58,900.59,2.45,37.52,986.73,-0.09,37.06,2327.49,-0.1,36.45,2388.96,-0.2,-146.39,null,-0.16,36.55,2317.61,7.18,37.24,852.27,-8.57,37.52,869.54,204.1,-204.1,188,-188,306,-306,408.2,-408.2,282,-282,376,-376,164,-164,282,-246,-327.9,327.9,204.1,-204.1,306,-306,408.2,-408.2,5,7.5,10,-5,-7.5,-10,15,22.5,30,-15,-22.5,-30,15,22.5,30,-15,-22.5,-30,0,0.5,-0.5,0.75,-0.75,1,-1
6/1/2023 23:45,null,14.38,45.79,37.72,879.57,41.97,38.38,925.07,21.89,36.42,830.42,41.41,36.06,908.65,9.65,36.71,889.92,-3.32,37.47,832.84,14.92,38.52,876.86,21.76,38.75,874.78,0.94,37.91,875.16,10.66,38.33,868.5,1.04,37.55,2405.15,3.21,37.49,2459.14,0.9,36.94,2559.53,-1.4,38.74,2346.55,4.85,40.05,900.43,1.92,38.02,986.67,-0.09,37.18,2327.47,-0.1,36.64,2388.98,-0.2,-146.03,null,-0.15,36.59,2317.83,5.84,37.48,852.15,-8.97,37.76,869.54,204.1,-204.1,188,-188,306,-306,408.2,-408.2,282,-282,376,-376,164,-164,282,-246,-327.9,327.9,204.1,-204.1,306,-306,408.2,-408.2,5,7.5,10,-5,-7.5,-10,15,22.5,30,-15,-22.5,-30,15,22.5,30,-15,-22.5,-30,0,0.5,-0.5,0.75,-0.75,1,-1
6/2/2023 0:00,null,14.38,46.42,37.89,879.67,42.78,38.76,925.2,21.96,36.8,830.43,29.75,36.26,949.74,10.57,36.83,890.07,-2.13,37.8,832.9,14.65,38.93,876.85,21.84,39.16,874.79,0.83,38.16,875.16,11.03,38.57,868.34,1.04,37.58,2405.19,3.22,37.83,2459.38,0.92,37.21,2560.08,-1.45,38.9,2345.43,5.65,40.33,900.52,2.73,38.26,986.79,-0.09,37.26,2327.52,-0.1,36.83,2388.94,-0.1,-146.7,null,-0.14,36.88,2318.04,4.41,37.74,851.95,-9.9,38.05,869.43,204.1,-204.1,188,-188,306,-306,408.2,-408.2,282,-282,376,-376,164,-164,282,-246,-327.9,327.9,204.1,-204.1,306,-306,408.2,-408.2,5,7.5,10,-5,-7.5,-10,15,22.5,30,-15,-22.5,-30,15,22.5,30,-15,-22.5,-30,0,0.5,-0.5,0.75,-0.75,1,-1
